study_id,specification_id,role
1,S01-A001,auxiliary_not_in_active_comparisons
1,S01-A002,auxiliary_not_in_active_comparisons
1,S01-A003,auxiliary_not_in_active_comparisons
1,S01-A004,auxiliary_not_in_active_comparisons
1,S01-A005,auxiliary_not_in_active_comparisons
1,S01-A006,auxiliary_not_in_active_comparisons
1,S01-A007,auxiliary_not_in_active_comparisons
1,S01-A008,auxiliary_not_in_active_comparisons
1,S01-A009,auxiliary_not_in_active_comparisons
1,S01-A010,auxiliary_not_in_active_comparisons
1,S01-A011,auxiliary_not_in_active_comparisons
1,S01-A012,auxiliary_not_in_active_comparisons
1,S01-A013,auxiliary_not_in_active_comparisons
1,S01-A014,auxiliary_not_in_active_comparisons
1,S01-A015,auxiliary_not_in_active_comparisons
1,S01-A016,auxiliary_not_in_active_comparisons
1,S01-A017,auxiliary_not_in_active_comparisons
1,S01-A018,auxiliary_not_in_active_comparisons
1,S01-A019,auxiliary_not_in_active_comparisons
1,S01-A020,auxiliary_not_in_active_comparisons
1,S01-A021,auxiliary_not_in_active_comparisons
1,S01-A022,auxiliary_not_in_active_comparisons
1,S01-A023,auxiliary_not_in_active_comparisons
1,S01-A024,auxiliary_not_in_active_comparisons
1,S01-A025,auxiliary_not_in_active_comparisons
1,S01-A026,auxiliary_not_in_active_comparisons
1,S01-A027,auxiliary_not_in_active_comparisons
1,S01-A028,auxiliary_not_in_active_comparisons
1,S01-A029,auxiliary_not_in_active_comparisons
1,S01-A030,auxiliary_not_in_active_comparisons
1,S01-A031,auxiliary_not_in_active_comparisons
1,S01-A032,auxiliary_not_in_active_comparisons
1,S01-A033,auxiliary_not_in_active_comparisons
1,S01-A034,auxiliary_not_in_active_comparisons
1,S01-A035,auxiliary_not_in_active_comparisons
1,S01-A036,auxiliary_not_in_active_comparisons
1,S01-A037,auxiliary_not_in_active_comparisons
1,S01-A038,auxiliary_not_in_active_comparisons
1,S01-A039,auxiliary_not_in_active_comparisons
1,S01-A040,auxiliary_not_in_active_comparisons
1,S01-A041,auxiliary_not_in_active_comparisons
1,S01-A042,auxiliary_not_in_active_comparisons
1,S01-A043,auxiliary_not_in_active_comparisons
1,S01-A044,auxiliary_not_in_active_comparisons
1,S01-A045,auxiliary_not_in_active_comparisons
1,S01-A046,auxiliary_not_in_active_comparisons
1,S01-A047,auxiliary_not_in_active_comparisons
1,S01-A048,auxiliary_not_in_active_comparisons
