study_id,specification_id,family,modern_estimator,summary_period,comparison_id,specification_type,available,twfe_estimate,modern_estimate,twfe_positive_se,modern_positive_se,gap,se_gap,covariance_twfe_modern,t_signed,abs_t,modern_minus_twfe,paired_normal_p_unadjusted,numerical_abs_t_above_1_96,paired_draws,modern_se_degenerate_or_near_zero,original_modern_se_degenerate_or_near_zero,matched_gap_se_degenerate_or_near_zero,numerical_gap_identity_candidate,screen_prior_inference_warning,original_twfe_estimate,original_target_rows,modern_target_rows,retained_target_share,author_native_rows,author_native_clusters,exact_union_rows,exact_union_clusters,registered_horizons,common_horizons,horizon_shortened,retained_horizon_count,common_estimator_set,reference_not_pure_untreated_baseline,pre_window_definition,pre_reference_definition,pre_diagnostic_type,published_estimator,twfe_is_published_estimator,published_fixed_effect_basis_exception,ancillary_placebo,comparison_role,covariance_block_id,twfe_coordinate_id,modern_coordinate_id,twfe_coordinate_index,modern_coordinate_index,twfe_pre_diagnostic_id,modern_pre_diagnostic_id,concentration_diagnostics_status,twfe_G_eff,twfe_Lmax,modern_G_eff,modern_Lmax,gap_G_eff,gap_Lmax,gap_structural_identity,point_check_max_error,cluster_basis,diagnostic_original_rows,diagnostic_cluster_count,paired_difference_significant,twfe_screen_exclude,modern_screen_exclude,screen_exclude,screen_leverage_warning,twfe_screen_warning,modern_screen_warning,gap_screen_warning,screen_fragile,screen_status,screen_exclusion_reason,fill_status,sign_reversal,significant_reversal
1,S01-P001,baseline,csa,pre,PRE-C0001,event_study_pre_average,True,-0.043014579093057073,-0.19162137264483844,0.087550952137504717,0.16514554409238347,0.14860679355178136,0.15469637109833012,0.0055036263613803729,0.96063529155006466,0.96063529155006466,-0.14860679355178136,0.3367355773882999,False,999,False,False,False,False,False,-0.043014579093057073,,,,,,,,"[""le_m2""]","[""le_m2""]",False,1,"[""twfe"", ""csa"", ""bjs""]",False,The single published e <= -2 lead bin.,Published e = -1 reference.,untreated_reference_pre_average,,,False,False,pre-treatment coefficient average,S01-B01,S01-B01-C0846,S01-B01-C0852,845,851,PRE0001,PRE0002,verified,38.831928581410779,0.067279752787584551,19.72018598881905,0.10688976996210643,28.377101203852082,0.082897071582634207,False,8.3266726846886741e-17,published province x high-school-entry cohort; canonical physical cells shared across surveys,1765,116,False,False,False,False,False,False,False,False,False,retained,,hollow,False,False
1,S01-P001,baseline,bjs,pre,PRE-C0002,event_study_pre_average,True,-0.043014579093057073,-0.18580109661793023,0.087550952137504717,0.11992275237209983,0.14278651752487315,0.12688295934538138,0.0029736751922209595,1.1253403787359777,1.1253403787359777,-0.14278651752487315,0.26044482527911245,False,999,False,False,False,False,False,-0.043014579093057073,,,,,,,,"[""le_m2""]","[""le_m2""]",False,1,"[""twfe"", ""csa"", ""bjs""]",False,The single published e <= -2 lead bin.,Published e = -1 reference.,untreated_reference_pre_average,,,False,False,pre-treatment coefficient average,S01-B01,S01-B01-C0846,S01-B01-C0858,845,857,PRE0001,PRE0003,verified,38.831928581410779,0.067279752787584551,20.610924848852335,0.10633237298105436,30.242356335588234,0.082981884649409351,False,8.6042284408449632e-16,published province x high-school-entry cohort; canonical physical cells shared across surveys,1765,116,False,False,False,False,False,False,False,False,False,retained,,hollow,False,False
1,S01-P002,baseline,csa,pre,PRE-C0003,event_study_pre_average,True,-0.08265492934254004,-0.20269884925951859,0.079770097813655017,0.15964253412797608,0.12004391991697855,0.13240882223424016,0.0071584555012717405,0.90661572160662174,0.90661572160662174,-0.12004391991697855,0.36461004497834076,False,999,False,False,False,False,False,-0.08265492934254004,,,,,,,,"[""le_m2""]","[""le_m2""]",False,1,"[""twfe"", ""csa"", ""bjs""]",False,The single published e <= -2 lead bin.,Published e = -1 reference.,untreated_reference_pre_average,,,False,False,pre-treatment coefficient average,S01-B01,S01-B01-C0876,S01-B01-C0882,875,881,PRE0007,PRE0008,verified,39.010610210395846,0.066145947832098123,19.826290769715349,0.10522832457012933,28.749086605485989,0.082260943373346704,False,1.3600232051658168e-15,published province x high-school-entry cohort; canonical physical cells shared across surveys,1733,116,False,False,False,False,False,False,False,False,False,retained,,hollow,False,False
1,S01-P002,baseline,bjs,pre,PRE-C0004,event_study_pre_average,True,-0.08265492934254004,-0.13322026806065929,0.079770097813655017,0.14858046329343993,0.050565338718119246,0.12416749325973667,0.0065109280976432954,0.40723491624611768,0.40723491624611768,-0.050565338718119246,0.68383545918667887,False,999,False,False,False,False,False,-0.08265492934254004,,,,,,,,"[""le_m2""]","[""le_m2""]",False,1,"[""twfe"", ""csa"", ""bjs""]",False,The single published e <= -2 lead bin.,Published e = -1 reference.,untreated_reference_pre_average,,,False,False,pre-treatment coefficient average,S01-B01,S01-B01-C0876,S01-B01-C0888,875,887,PRE0007,PRE0009,verified,39.010610210395846,0.066145947832098123,20.662133397432491,0.10567198936728318,30.377811018526124,0.082478145531837202,False,3.1016855750465311e-15,published province x high-school-entry cohort; canonical physical cells shared across surveys,1733,116,False,False,False,False,False,False,False,False,False,retained,,hollow,False,False
1,S01-P003,baseline,csa,pre,PRE-C0005,event_study_pre_average,True,-0.1705176850417926,-0.22523796818879846,0.07958452246027628,0.16889459893274389,0.05472028314700586,0.1508813199704771,0.0060469545239245706,0.36267102619272523,0.36267102619272523,-0.05472028314700586,0.71685064593172887,False,999,False,False,False,False,False,-0.1705176850417926,,,,,,,,"[""le_m2""]","[""le_m2""]",False,1,"[""twfe"", ""csa"", ""bjs""]",False,The single published e <= -2 lead bin.,Published e = -1 reference.,untreated_reference_pre_average,,,False,False,pre-treatment coefficient average,S01-B01,S01-B01-C0906,S01-B01-C0912,905,911,PRE0013,PRE0014,verified,39.013481715295363,0.067038215176274327,19.947263720885999,0.1027825397386246,28.659329131136211,0.08259846314775604,False,9.5062846483529029e-16,published province x high-school-entry cohort; canonical physical cells shared across surveys,1724,116,False,False,False,False,False,False,False,False,False,retained,,hollow,False,False
1,S01-P003,baseline,bjs,pre,PRE-C0006,event_study_pre_average,True,-0.1705176850417926,-0.19713880268187861,0.07958452246027628,0.12700342442309392,0.026621117640086012,0.11624862668948774,0.0044749114116154334,0.22900156671264432,0.22900156671264432,-0.026621117640086012,0.81886769842100682,False,999,False,False,False,False,False,-0.1705176850417926,,,,,,,,"[""le_m2""]","[""le_m2""]",False,1,"[""twfe"", ""csa"", ""bjs""]",False,The single published e <= -2 lead bin.,Published e = -1 reference.,untreated_reference_pre_average,,,False,False,pre-treatment coefficient average,S01-B01,S01-B01-C0906,S01-B01-C0918,905,917,PRE0013,PRE0015,verified,39.013481715295363,0.067038215176274327,20.74188620334499,0.104604363203743,30.238281936691617,0.083073321129168029,False,1.3912482277333993e-15,published province x high-school-entry cohort; canonical physical cells shared across surveys,1724,116,False,False,False,False,False,False,False,False,False,retained,,hollow,False,False
1,S01-P004,baseline,csa,pre,PRE-C0007,event_study_pre_average,True,0.15309607268588823,0.15667177064039745,0.083044853708782521,0.16322853116613156,-0.0035756979545092105,0.14979332624687064,0.0055509802630322267,-0.023870876253967364,0.023870876253967364,0.0035756979545092105,0.98095560504346568,False,999,False,False,False,False,False,0.15309607268588823,,,,,,,,"[""le_m2""]","[""le_m2""]",False,1,"[""twfe"", ""csa"", ""bjs""]",False,The single published e <= -2 lead bin.,Published e = -1 reference.,untreated_reference_pre_average,,,False,False,pre-treatment coefficient average,S01-B01,S01-B01-C0936,S01-B01-C0942,935,941,PRE0019,PRE0020,verified,39.609527530464874,0.069103627668543777,20.280129285301886,0.10180750956069502,28.494034001650661,0.088433011448104309,False,3.3306690738754696e-16,published province x high-school-entry cohort; canonical physical cells shared across surveys,1650,116,False,False,False,False,False,False,False,False,False,retained,,hollow,False,False
1,S01-P004,baseline,bjs,pre,PRE-C0008,event_study_pre_average,True,0.15309607268588823,0.16620075310163837,0.083044853708782521,0.14860452215601552,-0.013104680415750136,0.13652671044287348,0.0051701045341892874,-0.095986202064346188,0.095986202064346188,0.013104680415750136,0.92353153111726538,False,999,False,False,False,False,False,0.15309607268588823,,,,,,,,"[""le_m2""]","[""le_m2""]",False,1,"[""twfe"", ""csa"", ""bjs""]",False,The single published e <= -2 lead bin.,Published e = -1 reference.,untreated_reference_pre_average,,,False,False,pre-treatment coefficient average,S01-B01,S01-B01-C0936,S01-B01-C0948,935,947,PRE0019,PRE0021,verified,39.609527530464874,0.069103627668543777,20.886391039360124,0.10726032303287454,30.748462232015946,0.0717507899835996,False,3.858025010572419e-15,published province x high-school-entry cohort; canonical physical cells shared across surveys,1650,116,False,False,False,False,False,False,False,False,False,retained,,hollow,False,False
1,S01-P005,baseline,csa,pre,PRE-C0009,event_study_pre_average,True,0.085365712903472918,0.036435681601870641,0.078764286168216568,0.15065812508680268,0.048930031301602277,0.15018864625374384,0.0031725269833635895,0.32579048098572611,0.32579048098572611,-0.048930031301602277,0.74458288123494776,False,999,False,False,False,False,False,0.085365712903472918,,,,,,,,"[""le_m2""]","[""le_m2""]",False,1,"[""twfe"", ""csa"", ""bjs""]",False,The single published e <= -2 lead bin.,Published e = -1 reference.,untreated_reference_pre_average,,,False,False,pre-treatment coefficient average,S01-B01,S01-B01-C0966,S01-B01-C0972,965,971,PRE0025,PRE0026,verified,39.013481715295363,0.067038215176274327,19.947263720885999,0.1027825397386246,28.659329131136211,0.08259846314775604,False,1.3877787807814457e-15,published province x high-school-entry cohort; canonical physical cells shared across surveys,1724,116,False,False,False,False,False,False,False,False,False,retained,,hollow,False,False
1,S01-P005,baseline,bjs,pre,PRE-C0010,event_study_pre_average,True,0.085365712903472918,0.053152846323456258,0.078764286168216568,0.13453478671454183,0.032212866580016659,0.12561675588757842,0.0042619261260982526,0.25643765716132477,0.25643765716132477,-0.032212866580016659,0.79761291350245456,False,999,False,False,False,False,False,0.085365712903472918,,,,,,,,"[""le_m2""]","[""le_m2""]",False,1,"[""twfe"", ""csa"", ""bjs""]",False,The single published e <= -2 lead bin.,Published e = -1 reference.,untreated_reference_pre_average,,,False,False,pre-treatment coefficient average,S01-B01,S01-B01-C0966,S01-B01-C0978,965,977,PRE0025,PRE0027,verified,39.013481715295363,0.067038215176274327,20.74188620334499,0.104604363203743,30.238281936691617,0.083073321129168029,False,1.5543122344752192e-15,published province x high-school-entry cohort; canonical physical cells shared across surveys,1724,116,False,False,False,False,False,False,False,False,False,retained,,hollow,False,False
1,S01-P006,baseline,csa,pre,PRE-C0011,event_study_pre_average,True,0.059826615691534968,0.28349044761941516,0.094541401801594468,0.15018776927894559,-0.2236638319278802,0.14443374859356148,0.0053166674814041012,-1.5485565811718509,1.5485565811718509,0.2236638319278802,0.12148835022734529,False,999,False,False,False,False,False,0.059826615691534968,,,,,,,,"[""le_m2""]","[""le_m2""]",False,1,"[""twfe"", ""csa"", ""bjs""]",False,The single published e <= -2 lead bin.,Published e = -1 reference.,untreated_reference_pre_average,,,False,False,pre-treatment coefficient average,S01-B01,S01-B01-C0996,S01-B01-C1002,995,1001,PRE0031,PRE0032,verified,38.904365882761319,0.068618348874841778,20.177200933037163,0.099265162032470697,28.835329612563829,0.087487041507911714,False,2.4702462297909733e-15,published province x high-school-entry cohort; canonical physical cells shared across surveys,1625,116,False,False,False,False,False,False,False,False,False,retained,,hollow,False,False
1,S01-P006,baseline,bjs,pre,PRE-C0012,event_study_pre_average,True,0.059826615691534968,0.29640464315275733,0.094541401801594468,0.15933582154134526,-0.23657802746122236,0.15174040528103608,0.005650415043006435,-1.5590971107732303,1.5590971107732303,0.23657802746122236,0.1189733973923877,False,999,False,False,False,False,False,0.059826615691534968,,,,,,,,"[""le_m2""]","[""le_m2""]",False,1,"[""twfe"", ""csa"", ""bjs""]",False,The single published e <= -2 lead bin.,Published e = -1 reference.,untreated_reference_pre_average,,,False,False,pre-treatment coefficient average,S01-B01,S01-B01-C0996,S01-B01-C1008,995,1007,PRE0031,PRE0033,verified,38.904365882761319,0.068618348874841778,21.208352431516502,0.10602843835188068,30.910522172291763,0.069807684349812382,False,2.3731017151362721e-15,published province x high-school-entry cohort; canonical physical cells shared across surveys,1625,116,False,False,False,False,False,False,False,False,False,retained,,hollow,False,False
1,S01-P007,baseline,csa,pre,PRE-C0013,event_study_pre_average,True,0.0050641039987044468,-0.19451610462384358,0.091332198561588571,0.2309977778510254,0.19958020862254802,0.21761097229020368,0.0071735043025586628,0.91714221264720963,0.91714221264720963,-0.19958020862254802,0.35906812348680806,False,999,False,False,False,False,False,0.0050641039987044468,,,,,,,,"[""le_m2""]","[""le_m2""]",False,1,"[""twfe"", ""csa"", ""bjs""]",False,The single published e <= -2 lead bin.,Published e = -1 reference.,untreated_reference_pre_average,,,False,False,pre-treatment coefficient average,S01-B01,S01-B01-C1026,S01-B01-C1032,1025,1031,PRE0037,PRE0038,verified,39.160284856122011,0.067211916430381352,19.627518506492493,0.10839850386365341,28.321904960230167,0.082420262355419341,False,1.6653345369377348e-16,published province x high-school-entry cohort; canonical physical cells shared across surveys,1803,116,False,False,False,False,False,False,False,False,False,retained,,hollow,True,False
1,S01-P007,baseline,bjs,pre,PRE-C0014,event_study_pre_average,True,0.0050641039987044468,-0.14231631302191092,0.091332198561588571,0.1512986774944336,0.14738041702061536,0.14801619581399383,0.0046620330412057553,0.99570466738533503,0.99570466738533503,-0.14738041702061536,0.31939366167019734,False,999,False,False,False,False,False,0.0050641039987044468,,,,,,,,"[""le_m2""]","[""le_m2""]",False,1,"[""twfe"", ""csa"", ""bjs""]",False,The single published e <= -2 lead bin.,Published e = -1 reference.,untreated_reference_pre_average,,,False,False,pre-treatment coefficient average,S01-B01,S01-B01-C1026,S01-B01-C1038,1025,1037,PRE0037,PRE0039,verified,39.160284856122011,0.067211916430381352,20.570388008913429,0.10645458371392193,30.252142777047613,0.081928116165081111,False,1.9428902930940239e-16,published province x high-school-entry cohort; canonical physical cells shared across surveys,1803,116,False,False,False,False,False,False,False,False,False,retained,,hollow,True,False
1,S01-P008,baseline,csa,pre,PRE-C0015,event_study_pre_average,True,-0.11153259410988406,-0.30469563061642407,0.10505504624910207,0.18681297506555014,0.19316303650654001,0.17663805637536759,0.0073673237175876536,1.0935527737921649,1.0935527737921649,-0.19316303650654001,0.2741511713899154,False,999,False,False,False,False,False,-0.11153259410988406,,,,,,,,"[""le_m2""]","[""le_m2""]",False,1,"[""twfe"", ""csa"", ""bjs""]",False,The single published e <= -2 lead bin.,Published e = -1 reference.,untreated_reference_pre_average,,,False,False,pre-treatment coefficient average,S01-B01,S01-B01-C1056,S01-B01-C1062,1055,1061,PRE0043,PRE0044,verified,39.09026761595176,0.066360418396459384,20.084330964810274,0.10082399678709034,28.839087420114865,0.08477783668445199,False,1.5543122344752192e-14,published province x high-school-entry cohort; canonical physical cells shared across surveys,1702,116,False,False,False,False,False,False,False,False,False,retained,,hollow,False,False
1,S01-P008,baseline,bjs,pre,PRE-C0016,event_study_pre_average,True,-0.11153259410988406,-0.36429336394709544,0.10505504624910207,0.17633364153135006,0.25276076983721141,0.18070658209477963,0.0047376235328651537,1.3987358230517566,1.3987358230517566,-0.25276076983721141,0.16189221758578312,False,999,False,False,False,False,False,-0.11153259410988406,,,,,,,,"[""le_m2""]","[""le_m2""]",False,1,"[""twfe"", ""csa"", ""bjs""]",False,The single published e <= -2 lead bin.,Published e = -1 reference.,untreated_reference_pre_average,,,False,False,pre-treatment coefficient average,S01-B01,S01-B01-C1056,S01-B01-C1068,1055,1067,PRE0043,PRE0045,verified,39.09026761595176,0.066360418396459384,20.770195525126379,0.10378814157053276,30.378785503119339,0.084204719812486298,False,2.2426505097428162e-14,published province x high-school-entry cohort; canonical physical cells shared across surveys,1702,116,False,False,False,False,False,False,False,False,False,retained,,hollow,False,False
1,S01-P009,baseline,csa,pre,PRE-C0017,event_study_pre_average,True,-0.043555567543276864,-0.11973404335759681,0.11308227426527212,0.22079591100879195,0.07617847581431994,0.19390094370494268,0.011970429550770625,0.39287315656513794,0.39287315656513794,-0.07617847581431994,0.69441316868225567,False,999,False,False,False,False,False,-0.043555567543276864,,,,,,,,"[""le_m2""]","[""le_m2""]",False,1,"[""twfe"", ""csa"", ""bjs""]",False,The single published e <= -2 lead bin.,Published e = -1 reference.,untreated_reference_pre_average,,,False,False,pre-treatment coefficient average,S01-B01,S01-B01-C1086,S01-B01-C1092,1085,1091,PRE0049,PRE0050,verified,38.932084850889417,0.066845318219895478,20.029315789974412,0.1011305220931935,28.958129540380877,0.082127237663127323,False,9.1593399531575415e-16,published province x high-school-entry cohort; canonical physical cells shared across surveys,1708,116,False,False,False,False,False,False,False,False,False,retained,,hollow,False,False
1,S01-P009,baseline,bjs,pre,PRE-C0018,event_study_pre_average,True,-0.043555567543276864,-0.047009385312843988,0.11308227426527212,0.22600049967773048,0.0034538177695671232,0.18519602698948801,0.014783129097449449,0.018649524105412731,0.018649524105412731,-0.0034538177695671232,0.98512069517045076,False,999,False,False,False,False,False,-0.043555567543276864,,,,,,,,"[""le_m2""]","[""le_m2""]",False,1,"[""twfe"", ""csa"", ""bjs""]",False,The single published e <= -2 lead bin.,Published e = -1 reference.,untreated_reference_pre_average,,,False,False,pre-treatment coefficient average,S01-B01,S01-B01-C1086,S01-B01-C1098,1085,1097,PRE0049,PRE0051,verified,38.932084850889417,0.066845318219895478,20.78985791281162,0.10291349667093694,30.460954158993143,0.082978446415296364,False,2.0690914259713367e-15,published province x high-school-entry cohort; canonical physical cells shared across surveys,1708,116,False,False,False,False,False,False,False,False,False,retained,,hollow,False,False
1,S01-P010,baseline,csa,pre,PRE-C0019,event_study_pre_average,True,-0.14718430442826794,-0.25757600227584604,0.085682566874578467,0.14694752383731877,0.1103916978475781,0.12992836107841246,0.0060268490078068254,0.84963511377593781,0.84963511377593781,-0.1103916978475781,0.39552798341476214,False,999,False,False,False,False,False,-0.14718430442826794,,,,,,,,"[""le_m2""]","[""le_m2""]",False,1,"[""twfe"", ""csa"", ""bjs""]",False,The single published e <= -2 lead bin.,Published e = -1 reference.,untreated_reference_pre_average,,,False,False,pre-treatment coefficient average,S01-B01,S01-B01-C1116,S01-B01-C1122,1115,1121,PRE0055,PRE0056,verified,39.111408530355106,0.066164956163722602,20.084330964810274,0.10082399678709034,28.848783903571388,0.084803007780211617,False,2.886579864025407e-15,published province x high-school-entry cohort; canonical physical cells shared across surveys,1698,116,False,False,False,False,False,False,False,False,False,retained,,hollow,False,False
1,S01-P010,baseline,bjs,pre,PRE-C0020,event_study_pre_average,True,-0.14718430442826794,-0.26333515023449189,0.085682566874578467,0.12905949515939899,0.11615084580622395,0.11599945651856423,0.0052709908222066332,1.0013050861806019,1.0013050861806019,-0.11615084580622395,0.31667933470205856,False,999,False,False,False,False,False,-0.14718430442826794,,,,,,,,"[""le_m2""]","[""le_m2""]",False,1,"[""twfe"", ""csa"", ""bjs""]",False,The single published e <= -2 lead bin.,Published e = -1 reference.,untreated_reference_pre_average,,,False,False,pre-treatment coefficient average,S01-B01,S01-B01-C1116,S01-B01-C1128,1115,1127,PRE0055,PRE0057,verified,39.111408530355106,0.066164956163722602,20.770195525126358,0.10378814157053293,30.39201968111718,0.084220197080795742,False,3.0253577421035516e-15,published province x high-school-entry cohort; canonical physical cells shared across surveys,1698,116,False,False,False,False,False,False,False,False,False,retained,,hollow,False,False
1,S01-P011,baseline,csa,pre,PRE-C0021,event_study_pre_average,True,-0.05644547214147401,0.040628451525892006,0.079503356201501355,0.21786434423840495,-0.097073923667366016,0.2089554170342787,0.0050616449148818462,-0.46456763382899635,0.46456763382899635,0.097073923667366016,0.64224111491245739,False,999,False,False,False,False,False,-0.05644547214147401,,,,,,,,"[""le_m2""]","[""le_m2""]",False,1,"[""twfe"", ""csa"", ""bjs""]",False,The single published e <= -2 lead bin.,Published e = -1 reference.,untreated_reference_pre_average,,,False,False,pre-treatment coefficient average,S01-B01,S01-B01-C1146,S01-B01-C1152,1145,1151,PRE0061,PRE0062,verified,39.111408530355106,0.066164956163722602,20.084330964810274,0.10082399678709034,28.848783903571388,0.084803007780211617,False,3.0531133177191805e-16,published province x high-school-entry cohort; canonical physical cells shared across surveys,1698,116,False,False,False,False,False,False,False,False,False,retained,,hollow,True,False
1,S01-P011,baseline,bjs,pre,PRE-C0022,event_study_pre_average,True,-0.05644547214147401,-0.017201538488877552,0.079503356201501355,0.15694712672923963,-0.039243933652596458,0.14453118051910419,0.0050319610468104632,-0.27152572553303944,0.27152572553303944,0.039243933652596458,0.7859867165048583,False,999,False,False,False,False,False,-0.05644547214147401,,,,,,,,"[""le_m2""]","[""le_m2""]",False,1,"[""twfe"", ""csa"", ""bjs""]",False,The single published e <= -2 lead bin.,Published e = -1 reference.,untreated_reference_pre_average,,,False,False,pre-treatment coefficient average,S01-B01,S01-B01-C1146,S01-B01-C1158,1145,1157,PRE0061,PRE0063,verified,39.111408530355106,0.066164956163722602,20.770195525126358,0.10378814157053293,30.39201968111718,0.084220197080795742,False,3.0531133177191805e-16,published province x high-school-entry cohort; canonical physical cells shared across surveys,1698,116,False,False,False,False,False,False,False,False,False,retained,,hollow,False,False
1,S01-P012,baseline,csa,pre,PRE-C0023,event_study_pre_average,True,-0.062114088320455826,-0.070164513625679298,0.084278083958990696,0.15478871693150106,0.0080504253052234714,0.14930139079428739,0.0043857185159952633,0.053920631699376637,0.053920631699376637,-0.0080504253052234714,0.95699839885723359,False,999,False,False,False,False,False,-0.062114088320455826,,,,,,,,"[""le_m2""]","[""le_m2""]",False,1,"[""twfe"", ""csa"", ""bjs""]",False,The single published e <= -2 lead bin.,Published e = -1 reference.,untreated_reference_pre_average,,,False,False,pre-treatment coefficient average,S01-B01,S01-B01-C1176,S01-B01-C1182,1175,1181,PRE0067,PRE0068,verified,39.111408530355106,0.066164956163722602,20.084330964810274,0.10082399678709034,28.848783903571388,0.084803007780211617,False,8.4186130289154448e-15,published province x high-school-entry cohort; canonical physical cells shared across surveys,1698,116,False,False,False,False,False,False,False,False,False,retained,,hollow,False,False
1,S01-P012,baseline,bjs,pre,PRE-C0024,event_study_pre_average,True,-0.062114088320455826,0.0089937277423575955,0.084278083958990696,0.11401437643090807,-0.071107816062813425,0.11977624547076113,0.002877862244827732,-0.59367210738102261,0.59367210738102261,0.071107816062813425,0.55273144226012993,False,999,False,False,False,False,False,-0.062114088320455826,,,,,,,,"[""le_m2""]","[""le_m2""]",False,1,"[""twfe"", ""csa"", ""bjs""]",False,The single published e <= -2 lead bin.,Published e = -1 reference.,untreated_reference_pre_average,,,False,False,pre-treatment coefficient average,S01-B01,S01-B01-C1176,S01-B01-C1188,1175,1187,PRE0067,PRE0069,verified,39.111408530355106,0.066164956163722602,20.770195525126358,0.10378814157053293,30.39201968111718,0.084220197080795742,False,1.099120794378905e-14,published province x high-school-entry cohort; canonical physical cells shared across surveys,1698,116,False,False,False,False,False,False,False,False,False,retained,,hollow,True,False
18,S18-P001,baseline,csa,pre,PRE-C0025,event_study_pre_average,True,0.065051174934392456,0.073452660196619737,0.080281588856200306,0.078047779781969695,-0.0084014852622272818,0.023655577706586318,0.0059885015407692387,-0.35515874380392298,0.35515874380392298,0.0084014852622272818,0.72247067021291356,False,999,False,False,False,False,False,0.065051174934392456,,,,1872,94,,,"[-6, -5, -4, -3, -2]","[-6, -5, -4, -3, -2]",False,5,"[""twfe"", ""csa"", ""bjs""]",False,Equal weights over individual event years -6 through -2; no endpoint bin.,Comparison uses universal cohort-specific e = -1 baseline; published-native varying adjacent pre-period baselines are separate coordinates.,untreated_reference_pre_average,CSA,,False,False,pre-treatment coefficient average,S18-B01,S18-B01-C0064,S18-B01-C0065,63,64,PRE0154,PRE0155,verified,15.47639074217553,0.11994137942337506,15.281029622332781,0.14270350228967049,17.72551487048872,0.11804417264370919,False,5.6395860204005999e-15,Frozen published source/bootstrap County fips,1872,94,False,False,False,False,False,False,False,False,False,retained,,hollow,False,False
18,S18-P001,baseline,bjs,pre,PRE-C0026,event_study_pre_average,True,0.065051174934392456,0.092117140762668373,0.080281588856200306,0.079750941235580172,-0.027065965828275917,0.01359266655758557,0.0063102927765456215,-1.9912182582873257,1.9912182582873257,0.027065965828275917,0.046456897417246165,True,999,False,False,False,False,False,0.065051174934392456,,,,1872,94,,,"[-6, -5, -4, -3, -2]","[-6, -5, -4, -3, -2]",False,5,"[""twfe"", ""csa"", ""bjs""]",False,Equal weights over individual event years -6 through -2; no endpoint bin.,Comparison uses universal cohort-specific e = -1 baseline; published-native varying adjacent pre-period baselines are separate coordinates.,untreated_reference_pre_average,CSA,,False,False,pre-treatment coefficient average,S18-B01,S18-B01-C0064,S18-B01-C0066,63,65,PRE0154,PRE0156,verified,15.47639074217553,0.11994137942337506,16.063710907875318,0.12020479980494873,9.3082879883265441,0.20277240699619345,False,6.6335825721353103e-15,Frozen published source/bootstrap County fips,1872,94,True,False,False,False,True,False,False,True,True,retained_fragile,,fragile,False,False
18,S18-P002,baseline,csa,pre,PRE-C0027,event_study_pre_average,True,0.03612961571343587,0.05223063819997318,0.083463670442016066,0.082247271488337798,-0.01610102248653731,0.019712920996476577,0.0066710993483582431,-0.81677507303028074,0.81677507303028074,0.01610102248653731,0.41405697982849848,False,999,False,False,False,False,False,0.03612961571343587,,,,2100,100,,,"[-6, -5, -4, -3, -2]","[-6, -5, -4, -3, -2]",False,5,"[""twfe"", ""csa"", ""bjs""]",False,Equal weights over individual event years -6 through -2; no endpoint bin.,Comparison uses universal cohort-specific e = -1 baseline; published-native varying adjacent pre-period baselines are separate coordinates.,untreated_reference_pre_average,CSA,,False,False,pre-treatment coefficient average,S18-B01,S18-B01-C0050,S18-B01-C0051,49,50,PRE0161,PRE0162,verified,18.315399972923352,0.14031713676507968,21.568990871825143,0.1167222508993013,19.053571176122031,0.13957151339841634,False,1.1584483372573118e-14,Frozen published source/bootstrap County fips,2100,100,False,False,False,False,False,False,False,False,False,retained,,hollow,False,False
18,S18-P002,baseline,bjs,pre,PRE-C0028,event_study_pre_average,True,0.03612961571343587,0.045495397094177895,0.083463670442016066,0.079111258395775763,-0.0093657813807420248,0.012669115211666882,0.0065321345041850888,-0.73926088951477487,0.73926088951477487,0.0093657813807420248,0.45974859335778923,False,999,False,False,False,False,False,0.03612961571343587,,,,2100,100,,,"[-6, -5, -4, -3, -2]","[-6, -5, -4, -3, -2]",False,5,"[""twfe"", ""csa"", ""bjs""]",False,Equal weights over individual event years -6 through -2; no endpoint bin.,Comparison uses universal cohort-specific e = -1 baseline; published-native varying adjacent pre-period baselines are separate coordinates.,untreated_reference_pre_average,CSA,,False,False,pre-treatment coefficient average,S18-B01,S18-B01-C0050,S18-B01-C0052,49,51,PRE0161,PRE0163,verified,18.315399972923352,0.14031713676507968,19.151928606441935,0.1355707749951878,8.3586479957541453,0.25190491440106533,False,1.0658141036401503e-14,Frozen published source/bootstrap County fips,2100,100,False,False,False,False,True,False,False,True,True,retained_fragile,,fragile,False,False
18,S18-P003,baseline,csa,pre,PRE-C0029,event_study_pre_average,True,-0.0074339816779363105,0.001514693568163424,0.090357693120947907,0.092079410579675211,-0.008948675246099734,0.023370145873238404,0.0080484834203516809,-0.38291054299096317,0.38291054299096317,0.008948675246099734,0.70178609388855184,False,999,False,False,False,False,False,-0.0074339816779363105,,,,1990,95,,,"[-6, -5, -4, -3, -2]","[-6, -5, -4, -3, -2]",False,5,"[""twfe"", ""csa"", ""bjs""]",False,Equal weights over individual event years -6 through -2; no endpoint bin.,Comparison uses universal cohort-specific e = -1 baseline; published-native varying adjacent pre-period baselines are separate coordinates.,untreated_reference_pre_average,CSA,,False,False,pre-treatment coefficient average,S18-B01,S18-B01-C0078,S18-B01-C0079,77,78,PRE0168,PRE0169,verified,16.511703423637361,0.15768944176051958,18.673372958848919,0.13696294716766849,17.112954675178564,0.14749707797875103,False,9.2287288921966137e-16,Frozen published source/bootstrap County fips,1990,95,False,False,False,False,False,False,False,False,False,retained,,hollow,True,False
18,S18-P003,baseline,bjs,pre,PRE-C0030,event_study_pre_average,True,-0.0074339816779363105,-0.010189018059115946,0.090357693120947907,0.084553756669874996,0.0027550363811796354,0.016623850142962901,0.0075187490397760695,0.16572793651811638,0.16572793651811638,-0.0027550363811796354,0.86837105990310692,False,999,False,False,False,False,False,-0.0074339816779363105,,,,1990,95,,,"[-6, -5, -4, -3, -2]","[-6, -5, -4, -3, -2]",False,5,"[""twfe"", ""csa"", ""bjs""]",False,Equal weights over individual event years -6 through -2; no endpoint bin.,Comparison uses universal cohort-specific e = -1 baseline; published-native varying adjacent pre-period baselines are separate coordinates.,untreated_reference_pre_average,CSA,,False,False,pre-treatment coefficient average,S18-B01,S18-B01-C0078,S18-B01-C0080,77,79,PRE0168,PRE0170,verified,16.511703423637361,0.15768944176051958,17.257846576837959,0.15216933814118336,8.7620205090975762,0.26654946114461864,False,1.0139458717084437e-15,Frozen published source/bootstrap County fips,1990,95,False,False,False,False,True,False,False,True,True,retained_fragile,,fragile,False,False
19,S19-P002,baseline,csa,pre,PRE-C0031,event_study_pre_average,True,0.19244443966155414,0.26349374820993188,0.073023866778384405,0.098109161592671287,-0.071049308548377738,0.064611546364047021,0.0053916203920653617,-1.0996379524498272,1.0996379524498272,0.071049308548377738,0.27148989899877052,False,999,False,False,False,False,False,0.19244443966155414,,,,977,76,,,"[-5, -4, -3, -2]","[-5, -4, -3, -2]",False,4,"[""twfe"", ""csa"", ""bjs""]",False,"Equal weights over published terms -5, -4, -3, -2; -5 pools e <= -5.",Published e = -1 reference.,untreated_reference_pre_average,,,False,False,pre-treatment coefficient average,S19-B01,S19-B01-C0006,S19-B01-C0007,5,6,PRE0137,PRE0138,verified,27.283562094466017,0.051414428065925874,26.805172064260756,0.053952030375043127,6.777874025472153,0.26781458898400168,False,2.1094237467877974e-15,Published origin-destination pair,977,76,False,False,False,False,True,False,False,True,True,retained_fragile,,fragile,False,False
19,S19-P002,baseline,bjs,pre,PRE-C0032,event_study_pre_average,True,0.19244443966155414,0.13757501300882816,0.073023866778384405,0.073576141702382067,0.054869426652725983,0.022903907801011897,0.0051106723772594929,2.3956360254952584,2.3956360254952584,-0.054869426652725983,0.016591556695397369,True,999,False,False,False,False,False,0.19244443966155414,,,,977,76,,,"[-5, -4, -3, -2]","[-5, -4, -3, -2]",False,4,"[""twfe"", ""csa"", ""bjs""]",False,"Equal weights over published terms -5, -4, -3, -2; -5 pools e <= -5.",Published e = -1 reference.,untreated_reference_pre_average,,,False,False,pre-treatment coefficient average,S19-B01,S19-B01-C0006,S19-B01-C0008,5,7,PRE0137,PRE0139,verified,27.283562094466017,0.051414428065925874,27.889160596225537,0.052117588676280899,4.485846073476691,0.43261452193418515,False,3.0808688933348094e-15,Published origin-destination pair,977,76,True,False,False,False,True,False,False,True,True,retained_fragile,,fragile,False,False
19,S19-P003,baseline,csa,pre,PRE-C0033,event_study_pre_average,True,0.051220680333266391,0.076852854972400658,0.13412768233889891,0.1739089931225771,-0.025632174639134267,0.12971211559271381,0.015704670063487792,-0.19760817655320145,0.19760817655320145,0.025632174639134267,0.84335163699416182,False,999,False,False,False,False,False,0.051220680333266391,,,,861,73,,,"[-5, -4, -3, -2]","[-3, -2]",True,2,"[""twfe"", ""csa"", ""bjs""]",False,"Equal weights over the common available event years -3 and -2; original registered terms were -5, -4, -3, -2.",Published e = -1 reference.,untreated_reference_pre_average,,,False,False,pre-treatment coefficient average,S19-B01,S19-B01-C0166,S19-B01-C0167,165,166,PRE0144,PRE0145,verified,15.088032548230638,0.11588727645951526,16.266308262671799,0.080372014285361615,7.2357564882390495,0.25165225259813406,False,4.7413462045398092e-14,Published origin-destination pair,861,73,False,False,False,False,True,False,False,True,True,retained_fragile,,fragile,False,False
19,S19-P003,baseline,bjs,pre,PRE-C0034,event_study_pre_average,True,0.051220680333266391,-0.033840892449069057,0.13412768233889891,0.16178334413896681,0.085061572782335448,0.046313287245151012,0.021009582517470031,1.8366559111228142,1.8366559111228142,-0.085061572782335448,0.066260707774787833,False,999,False,False,False,False,False,0.051220680333266391,,,,861,73,,,"[-5, -4, -3, -2]","[-3, -2]",True,2,"[""twfe"", ""csa"", ""bjs""]",False,"Equal weights over the common available event years -3 and -2; original registered terms were -5, -4, -3, -2.",Published e = -1 reference.,untreated_reference_pre_average,,,False,False,pre-treatment coefficient average,S19-B01,S19-B01-C0166,S19-B01-C0168,165,167,PRE0144,PRE0146,verified,15.088032548230638,0.11588727645951526,15.427652722494029,0.1181063549503993,7.3571433190959183,0.2488918930058929,False,4.7413462045398092e-14,Published origin-destination pair,861,73,False,False,False,False,True,False,False,True,True,retained_fragile,,fragile,True,False
20,S20-P001,baseline,csa,pre,PRE-C0035,event_study_pre_average,True,-0.023125932007633666,-0.022095342629448952,0.038994698104570048,0.030202586406601381,-0.0010305893781847146,0.030222359126548169,0.00075969585737036612,-0.034100229365596278,0.034100229365596278,0.0010305893781847146,0.97279722558543769,False,999,False,False,False,False,False,-0.023125932007633666,,,,,,,,"[-10, -9, -8, -7, -6, -5, -4, -3, -2]","[-10, -9, -8, -7, -6, -5, -4, -3, -2]",False,9,"[""twfe"", ""csa"", ""bjs""]",True,"Equal weights over published event-bin codes -10 through -2; code -10 pools e <= -90 and code -2 is (-20, -10].","Published (-10, 0] reference includes treatment time; these are contrasts against that mixed reference.",mixed_reference_event_contrast,,,False,False,pre-treatment coefficient average,S20-B01,S20-B01-C0085,S20-B01-C0086,84,85,PRE0079,PRE0080,verified,30.141598010222154,0.035642730387289559,23.886264947789364,0.078137156052698012,14.632505253068649,0.12718796492974935,False,6.2848164172901733e-14,Frozen published source/bootstrap cluster,102825,636,False,False,False,False,False,False,False,False,False,retained,,hollow,False,False
20,S20-P001,baseline,bjs,pre,PRE-C0036,event_study_pre_average,True,-0.023125932007633666,-0.048760623678166498,0.038994698104570048,0.022849676579851423,0.025634691670532832,0.029128187881409459,0.00059712143540784025,0.88006475977497078,0.88006475977497078,-0.025634691670532832,0.37882422837334928,False,999,False,False,False,False,False,-0.023125932007633666,,,,,,,,"[-10, -9, -8, -7, -6, -5, -4, -3, -2]","[-10, -9, -8, -7, -6, -5, -4, -3, -2]",False,9,"[""twfe"", ""csa"", ""bjs""]",True,"Equal weights over published event-bin codes -10 through -2; code -10 pools e <= -90 and code -2 is (-20, -10].","Published (-10, 0] reference includes treatment time; these are contrasts against that mixed reference.",mixed_reference_event_contrast,,,False,False,pre-treatment coefficient average,S20-B01,S20-B01-C0085,S20-B01-C0087,84,86,PRE0079,PRE0081,verified,30.141598010222154,0.035642730387289559,29.508238021559542,0.036599295535760551,5.9511610280715317,0.33489883820259975,False,6.0354499176185072e-14,Frozen published source/bootstrap cluster,102825,636,False,False,False,False,True,False,False,True,True,retained_fragile,,fragile,False,False
20,S20-P002,baseline,csa,pre,PRE-C0037,event_study_pre_average,True,-0.0016793639926062415,0.0088507486576641127,0.042379850522299395,0.03765151454793908,-0.010530112650270354,0.027781442636725953,0.0012209398615342067,-0.37903404758217873,0.37903404758217873,0.010530112650270354,0.70466258062847564,False,999,False,False,False,False,False,-0.0016793639926062415,,,,,,,,"[-10, -9, -8, -7, -6, -5, -4, -3, -2]","[-10, -9, -8, -7, -6, -5, -4, -3, -2]",False,9,"[""twfe"", ""csa"", ""bjs""]",True,"Equal weights over published event-bin codes -10 through -2; code -10 pools e <= -90 and code -2 is (-20, -10].","Published (-10, 0] reference includes treatment time; these are contrasts against that mixed reference.",mixed_reference_event_contrast,,,False,False,pre-treatment coefficient average,S20-B01,S20-B01-C0091,S20-B01-C0092,90,91,PRE0085,PRE0086,verified,30.141598010222154,0.035642730387289559,23.886264947789364,0.078137156052698012,14.632505253068649,0.12718796492974935,False,5.2407297251866325e-14,Frozen published source/bootstrap cluster,102825,636,False,False,False,False,False,False,False,False,False,retained,,hollow,True,False
20,S20-P002,baseline,bjs,pre,PRE-C0038,event_study_pre_average,True,-0.0016793639926062415,-0.0073264634139474389,0.042379850522299395,0.029380554685070358,0.0056470994213411972,0.023340223316627575,0.0010572513497124026,0.24194710327892208,0.24194710327892208,-0.0056470994213411972,0.80882115102711949,False,999,False,False,False,False,False,-0.0016793639926062415,,,,,,,,"[-10, -9, -8, -7, -6, -5, -4, -3, -2]","[-10, -9, -8, -7, -6, -5, -4, -3, -2]",False,9,"[""twfe"", ""csa"", ""bjs""]",True,"Equal weights over published event-bin codes -10 through -2; code -10 pools e <= -90 and code -2 is (-20, -10].","Published (-10, 0] reference includes treatment time; these are contrasts against that mixed reference.",mixed_reference_event_contrast,,,False,False,pre-treatment coefficient average,S20-B01,S20-B01-C0091,S20-B01-C0093,90,92,PRE0085,PRE0087,verified,30.141598010222154,0.035642730387289559,29.508238021559542,0.036599295535760551,5.9511610280715317,0.33489883820259975,False,5.2407297251866325e-14,Frozen published source/bootstrap cluster,102825,636,False,False,False,False,True,False,False,True,True,retained_fragile,,fragile,False,False
20,S20-P003,baseline,csa,pre,PRE-C0039,event_study_pre_average,True,-0.15304623826986954,-0.2425333571042578,0.34412127438557066,0.2896388111596882,0.089487118834388257,0.33577918965106923,0.044781214106009014,0.26650585144177741,0.26650585144177741,-0.089487118834388257,0.78984965351696379,False,999,False,False,False,False,False,-0.15304623826986954,,,,,,,,"[-10, -9, -8, -7, -6, -5, -4, -3, -2]","[-10, -9, -8, -7, -6, -5, -4, -3, -2]",False,9,"[""twfe"", ""csa"", ""bjs""]",True,"Equal weights over published event-bin codes -10 through -2; code -10 pools e <= -90 and code -2 is (-20, -10].","Published (-10, 0] reference includes treatment time; these are contrasts against that mixed reference.",mixed_reference_event_contrast,,,False,False,pre-treatment coefficient average,S20-B01,S20-B01-C0097,S20-B01-C0098,96,97,PRE0091,PRE0092,verified,16.06116955786193,0.10365440971572062,5.2395015676641421,0.39123360528866863,5.6411958410693801,0.37392021337512538,False,1.4238610290817633e-14,Frozen published source/bootstrap cluster,4296,29,False,False,False,False,True,False,True,True,True,retained_fragile,,fragile,False,False
20,S20-P003,baseline,bjs,pre,PRE-C0040,event_study_pre_average,True,-0.15304623826986954,0.037611984884993836,0.34412127438557066,0.11437173163049551,-0.19065822315486339,0.29810079946572676,0.021318128919400933,-0.63957635637533317,0.63957635637533317,0.19065822315486339,0.52244805783018311,False,999,False,False,False,False,False,-0.15304623826986954,,,,,,,,"[-10, -9, -8, -7, -6, -5, -4, -3, -2]","[-10, -9, -8, -7, -6, -5, -4, -3, -2]",False,9,"[""twfe"", ""csa"", ""bjs""]",True,"Equal weights over published event-bin codes -10 through -2; code -10 pools e <= -90 and code -2 is (-20, -10].","Published (-10, 0] reference includes treatment time; these are contrasts against that mixed reference.",mixed_reference_event_contrast,,,False,False,pre-treatment coefficient average,S20-B01,S20-B01-C0097,S20-B01-C0099,96,98,PRE0091,PRE0093,verified,16.06116955786193,0.10365440971572062,15.45369133099218,0.098975781441931976,12.438037192968576,0.18260634245340998,False,1.4238610290817633e-14,Frozen published source/bootstrap cluster,4296,29,False,False,False,False,False,False,False,False,False,retained,,hollow,True,False
20,S20-P004,baseline,csa,pre,PRE-C0041,event_study_pre_average,True,-0.22511850755878271,-0.34180652827602054,0.33224763359718518,0.28330804894239936,0.11668802071723783,0.30552470675211851,0.048653297095255177,0.38192662700732211,0.38192662700732211,-0.11668802071723783,0.70251578925205116,False,999,False,False,False,False,False,-0.22511850755878271,,,,,,,,"[-10, -9, -8, -7, -6, -5, -4, -3, -2]","[-10, -9, -8, -7, -6, -5, -4, -3, -2]",False,9,"[""twfe"", ""csa"", ""bjs""]",True,"Equal weights over published event-bin codes -10 through -2; code -10 pools e <= -90 and code -2 is (-20, -10].","Published (-10, 0] reference includes treatment time; these are contrasts against that mixed reference.",mixed_reference_event_contrast,,,False,False,pre-treatment coefficient average,S20-B01,S20-B01-C0103,S20-B01-C0104,102,103,PRE0097,PRE0098,verified,16.06116955786193,0.10365440971572062,5.2395015676641421,0.39123360528866863,5.6411958410693801,0.37392021337512538,False,4.7656323332034844e-14,Frozen published source/bootstrap cluster,4296,29,False,False,False,False,True,False,True,True,True,retained_fragile,,fragile,False,False
20,S20-P004,baseline,bjs,pre,PRE-C0042,event_study_pre_average,True,-0.22511850755878271,0.035052259712197303,0.33224763359718518,0.099421589701857632,-0.26017076727097999,0.27813900825448745,0.021455917308492046,-0.93539834237466202,0.93539834237466202,0.26017076727097999,0.34958305085772212,False,999,False,False,False,False,False,-0.22511850755878271,,,,,,,,"[-10, -9, -8, -7, -6, -5, -4, -3, -2]","[-10, -9, -8, -7, -6, -5, -4, -3, -2]",False,9,"[""twfe"", ""csa"", ""bjs""]",True,"Equal weights over published event-bin codes -10 through -2; code -10 pools e <= -90 and code -2 is (-20, -10].","Published (-10, 0] reference includes treatment time; these are contrasts against that mixed reference.",mixed_reference_event_contrast,,,False,False,pre-treatment coefficient average,S20-B01,S20-B01-C0103,S20-B01-C0105,102,104,PRE0097,PRE0099,verified,16.06116955786193,0.10365440971572062,15.45369133099218,0.098975781441931976,12.438037192968576,0.18260634245340998,False,4.7656323332034844e-14,Frozen published source/bootstrap cluster,4296,29,False,False,False,False,False,False,False,False,False,retained,,hollow,True,False
22,S22-P001,baseline,csa,pre,PRE-C0043,event_study_pre_average,True,0.1034124048780428,0.031743675591794418,0.044663270426452399,0.039740297610852258,0.071668729286248387,0.02523106566291514,0.0014687461524495963,2.8404955321244225,2.8404955321244225,-0.071668729286248387,0.004504350392968111,True,999,False,False,False,False,False,0.1034124048780428,,,,,,,,"[-20, -19, -18, -17, -16, -15, -14, -13, -12, -11, -10, -9, -8, -7, -6, -5, -4, -3, -2]","[-20, -19, -18, -17, -16, -15, -14, -13, -12, -11, -10, -9, -8, -7, -6, -5, -4, -3, -2]",False,19,"[""twfe"", ""csa"", ""bjs""]",False,Equal weights over individual event years -20 through -2; the separate -21 lower-tail bin is not pooled.,Comparison uses universal cohort-specific e = -1 baseline; published-native varying adjacent pre-period baselines are separate coordinates.,untreated_reference_pre_average,,,False,False,pre-treatment coefficient average,S22-B01,S22-B01-C0007,S22-B01-C0008,6,7,PRE0127,PRE0128,verified,15.339235484878316,0.18416874434316097,11.754937279818469,0.24039101030957949,17.016233329842468,0.14720807726006951,False,7.3131778410839843e-13,Frozen published source/bootstrap cluster,39432,47,True,False,False,False,False,False,False,False,False,retained,,filled,False,False
22,S22-P001,baseline,bjs,pre,PRE-C0044,event_study_pre_average,True,0.1034124048780428,0.054359192835704492,0.044663270426452399,0.05203436671753825,0.049053212042338312,0.031714455161793359,0.0018482881893361345,1.5467146382332648,1.5467146382332648,-0.049053212042338312,0.12193207171819057,False,999,False,False,False,False,False,0.1034124048780428,,,,,,,,"[-20, -19, -18, -17, -16, -15, -14, -13, -12, -11, -10, -9, -8, -7, -6, -5, -4, -3, -2]","[-20, -19, -18, -17, -16, -15, -14, -13, -12, -11, -10, -9, -8, -7, -6, -5, -4, -3, -2]",False,19,"[""twfe"", ""csa"", ""bjs""]",False,Equal weights over individual event years -20 through -2; the separate -21 lower-tail bin is not pooled.,Comparison uses universal cohort-specific e = -1 baseline; published-native varying adjacent pre-period baselines are separate coordinates.,untreated_reference_pre_average,,,False,False,pre-treatment coefficient average,S22-B01,S22-B01-C0007,S22-B01-C0009,6,8,PRE0127,PRE0129,verified,15.339235484878316,0.18416874434316097,17.994802690683443,0.15257839706307741,19.965166820689646,0.11450626502506454,False,8.0187939621723103e-13,Frozen published source/bootstrap cluster,39432,47,False,False,False,False,False,False,False,False,False,retained,,hollow,False,False
1,S01-P001,aligned_samples,csa,pre,PRE-C0045,event_study_pre_average,True,-0.19231470238526938,-0.19162137264483844,0.12218052804153497,0.16514554409238347,-0.00069332974043093132,0.1426497582909084,0.010926089312811547,-0.0048603639342802854,0.0048603639342802854,0.00069332974043093132,0.9961220059253586,False,999,False,False,False,False,False,-0.043014579093057073,,,,,,393,38,"[""le_m2""]","[""le_m2""]",False,1,"[""twfe"", ""csa"", ""bjs""]",False,The single published e <= -2 lead bin.,Published e = -1 reference.,untreated_reference_pre_average,,,False,False,pre-treatment coefficient average,S01-B01,S01-B01-C0862,S01-B01-C0852,861,851,PRE0005,PRE0002,verified,20.419400842692006,0.10787963041057784,19.72018598881905,0.10688976996210643,18.266744070669922,0.10054652645246837,False,1.9601291076365435e-15,published province x high-school-entry cohort; canonical physical cells shared across surveys,1765,116,False,False,False,False,False,False,False,False,False,retained,,hollow,False,False
1,S01-P001,aligned_samples,bjs,pre,PRE-C0046,event_study_pre_average,True,-0.18580109661793018,-0.18580109661793023,0.11992275237209983,0.11992275237209983,5.5511151231257827e-17,1.3613725976235931e-16,0.014381466536499977,,,-5.5511151231257827e-17,,False,999,False,False,True,True,False,-0.043014579093057073,,,,,,558,49,"[""le_m2""]","[""le_m2""]",False,1,"[""twfe"", ""csa"", ""bjs""]",False,The single published e <= -2 lead bin.,Published e = -1 reference.,untreated_reference_pre_average,,,False,False,pre-treatment coefficient average,S01-B01,S01-B01-C0863,S01-B01-C0858,862,857,PRE0006,PRE0003,verified,20.610924848852331,0.1063323729810544,20.610924848852335,0.10633237298105436,,,True,8.6042284408449632e-16,published province x high-school-entry cohort; canonical physical cells shared across surveys,1765,116,False,False,False,False,False,False,False,False,False,retained,,hollow,False,False
1,S01-P002,aligned_samples,csa,pre,PRE-C0047,event_study_pre_average,True,-0.12880781618567436,-0.20269884925951859,0.15097884305296064,0.15964253412797608,0.073891033073844231,0.13648098456033833,0.014826645302926607,0.54140167080328294,0.54140167080328294,-0.073891033073844231,0.58823075583232232,False,999,False,False,False,False,False,-0.08265492934254004,,,,,,390,38,"[""le_m2""]","[""le_m2""]",False,1,"[""twfe"", ""csa"", ""bjs""]",False,The single published e <= -2 lead bin.,Published e = -1 reference.,untreated_reference_pre_average,,,False,False,pre-treatment coefficient average,S01-B01,S01-B01-C0892,S01-B01-C0882,891,881,PRE0011,PRE0008,verified,20.474116768834051,0.10721962502962505,19.826290769715349,0.10522832457012933,18.386803118606995,0.097580563010593452,False,4.7184478546569153e-16,published province x high-school-entry cohort; canonical physical cells shared across surveys,1733,116,False,False,False,False,False,False,False,False,False,retained,,hollow,False,False
1,S01-P002,aligned_samples,bjs,pre,PRE-C0048,event_study_pre_average,True,-0.13322026806065898,-0.13322026806065929,0.14858046329343993,0.14858046329343993,3.0531133177191805e-16,1.4438246186945294e-16,0.022076154072493252,,,-3.0531133177191805e-16,,False,999,False,False,True,True,False,-0.08265492934254004,,,,,,553,49,"[""le_m2""]","[""le_m2""]",False,1,"[""twfe"", ""csa"", ""bjs""]",False,The single published e <= -2 lead bin.,Published e = -1 reference.,untreated_reference_pre_average,,,False,False,pre-treatment coefficient average,S01-B01,S01-B01-C0893,S01-B01-C0888,892,887,PRE0012,PRE0009,verified,20.662133397432481,0.1056719893672835,20.662133397432491,0.10567198936728318,,,True,3.6332444319453182e-15,published province x high-school-entry cohort; canonical physical cells shared across surveys,1733,116,False,False,False,False,False,False,False,False,False,retained,,hollow,False,False
1,S01-P003,aligned_samples,csa,pre,PRE-C0049,event_study_pre_average,True,-0.20821191596129052,-0.22523796818879846,0.12658181496857865,0.16889459893274389,0.017026052227507943,0.14248399492912653,0.012123326309214276,0.11949448944056441,0.11949448944056441,-0.017026052227507943,0.90488360554667691,False,999,False,False,False,False,False,-0.1705176850417926,,,,,,386,38,"[""le_m2""]","[""le_m2""]",False,1,"[""twfe"", ""csa"", ""bjs""]",False,The single published e <= -2 lead bin.,Published e = -1 reference.,untreated_reference_pre_average,,,False,False,pre-treatment coefficient average,S01-B01,S01-B01-C0922,S01-B01-C0912,921,911,PRE0017,PRE0014,verified,20.550205621052296,0.1060898665274921,19.947263720885999,0.1027825397386246,18.351534137368649,0.10350271655512382,False,3.9551695252271202e-16,published province x high-school-entry cohort; canonical physical cells shared across surveys,1724,116,False,False,False,False,False,False,False,False,False,retained,,hollow,False,False
1,S01-P003,aligned_samples,bjs,pre,PRE-C0050,event_study_pre_average,True,-0.19713880268187867,-0.19713880268187861,0.12700342442309392,0.12700342442309392,-5.5511151231257827e-17,1.9165128486518674e-16,0.016129869815192526,,,5.5511151231257827e-17,,False,999,False,False,True,True,False,-0.1705176850417926,,,,,,549,49,"[""le_m2""]","[""le_m2""]",False,1,"[""twfe"", ""csa"", ""bjs""]",False,The single published e <= -2 lead bin.,Published e = -1 reference.,untreated_reference_pre_average,,,False,False,pre-treatment coefficient average,S01-B01,S01-B01-C0923,S01-B01-C0918,922,917,PRE0018,PRE0015,verified,20.741886203345054,0.10460436320374267,20.74188620334499,0.104604363203743,,,True,4.0523140398818214e-15,published province x high-school-entry cohort; canonical physical cells shared across surveys,1724,116,False,False,False,False,False,False,False,False,False,retained,,hollow,False,False
1,S01-P004,aligned_samples,csa,pre,PRE-C0051,event_study_pre_average,True,0.16320459166284795,0.15667177064039745,0.15208734728064108,0.16322853116613156,0.0065328210224505079,0.1334553192251571,0.015981896180013253,0.048951372342295019,0.048951372342295019,-0.0065328210224505079,0.96095804869405654,False,999,False,False,False,False,False,0.15309607268588823,,,,,,367,38,"[""le_m2""]","[""le_m2""]",False,1,"[""twfe"", ""csa"", ""bjs""]",False,The single published e <= -2 lead bin.,Published e = -1 reference.,untreated_reference_pre_average,,,False,False,pre-treatment coefficient average,S01-B01,S01-B01-C0952,S01-B01-C0942,951,941,PRE0023,PRE0020,verified,20.724139307828349,0.10898733964059458,20.280129285301886,0.10180750956069502,18.268849564714561,0.11402693142357186,False,1.9428902930940239e-15,published province x high-school-entry cohort; canonical physical cells shared across surveys,1650,116,False,False,False,False,False,False,False,False,False,retained,,hollow,False,False
1,S01-P004,aligned_samples,bjs,pre,PRE-C0052,event_study_pre_average,True,0.16620075310163857,0.16620075310163837,0.14860452215601552,0.14860452215601552,1.9428902930940239e-16,2.3804442341994938e-16,0.022083304005217706,,,-1.9428902930940239e-16,,False,999,False,False,True,True,False,0.15309607268588823,,,,,,529,49,"[""le_m2""]","[""le_m2""]",False,1,"[""twfe"", ""csa"", ""bjs""]",False,The single published e <= -2 lead bin.,Published e = -1 reference.,untreated_reference_pre_average,,,False,False,pre-treatment coefficient average,S01-B01,S01-B01-C0953,S01-B01-C0948,952,947,PRE0024,PRE0021,verified,20.886391039360173,0.10726032303287407,20.886391039360124,0.10726032303287454,,,True,3.858025010572419e-15,published province x high-school-entry cohort; canonical physical cells shared across surveys,1650,116,False,False,False,False,False,False,False,False,False,retained,,hollow,False,False
1,S01-P005,aligned_samples,csa,pre,PRE-C0053,event_study_pre_average,True,0.025051338866327714,0.036435681601870641,0.13037754179501923,0.15065812508680268,-0.011384342735542927,0.14063493638778377,0.009958994363193337,-0.080949606320807679,0.080949606320807679,0.011384342735542927,0.93548202923914858,False,999,False,False,False,False,False,0.085365712903472918,,,,,,386,38,"[""le_m2""]","[""le_m2""]",False,1,"[""twfe"", ""csa"", ""bjs""]",False,The single published e <= -2 lead bin.,Published e = -1 reference.,untreated_reference_pre_average,,,False,False,pre-treatment coefficient average,S01-B01,S01-B01-C0982,S01-B01-C0972,981,971,PRE0029,PRE0026,verified,20.550205621052296,0.1060898665274921,19.947263720885999,0.1027825397386246,18.351534137368649,0.10350271655512382,False,2.6957602816679582e-15,published province x high-school-entry cohort; canonical physical cells shared across surveys,1724,116,False,False,False,False,False,False,False,False,False,retained,,hollow,False,False
1,S01-P005,aligned_samples,bjs,pre,PRE-C0054,event_study_pre_average,True,0.053152846323455967,0.053152846323456258,0.13453478671454183,0.13453478671454183,-2.9143354396410359e-16,5.4767056329232566e-16,0.018099608836327268,,,2.9143354396410359e-16,,False,999,False,False,True,True,False,0.085365712903472918,,,,,,549,49,"[""le_m2""]","[""le_m2""]",False,1,"[""twfe"", ""csa"", ""bjs""]",False,The single published e <= -2 lead bin.,Published e = -1 reference.,untreated_reference_pre_average,,,False,False,pre-treatment coefficient average,S01-B01,S01-B01-C0983,S01-B01-C0978,982,977,PRE0030,PRE0027,verified,20.741886203345054,0.10460436320374267,20.74188620334499,0.104604363203743,,,True,4.2327252813834093e-15,published province x high-school-entry cohort; canonical physical cells shared across surveys,1724,116,False,False,False,False,False,False,False,False,False,retained,,hollow,False,False
1,S01-P006,aligned_samples,csa,pre,PRE-C0055,event_study_pre_average,True,0.31877723333835145,0.28349044761941516,0.15862497723021804,0.15018776927894559,0.035286785718936287,0.1258497662078063,0.015940042893856737,0.28038817061185362,0.28038817061185362,-0.035286785718936287,0.77917971170114408,False,999,False,False,False,False,False,0.059826615691534968,,,,,,359,38,"[""le_m2""]","[""le_m2""]",False,1,"[""twfe"", ""csa"", ""bjs""]",False,The single published e <= -2 lead bin.,Published e = -1 reference.,untreated_reference_pre_average,,,False,False,pre-treatment coefficient average,S01-B01,S01-B01-C1012,S01-B01-C1002,1011,1001,PRE0035,PRE0032,verified,21.039702871090373,0.10750190208804945,20.177200933037163,0.099265162032470697,17.638934088178136,0.10557504248621671,False,6.3907212854985573e-15,published province x high-school-entry cohort; canonical physical cells shared across surveys,1625,116,False,False,False,False,False,False,False,False,False,retained,,hollow,False,False
1,S01-P006,aligned_samples,bjs,pre,PRE-C0056,event_study_pre_average,True,0.29640464315275822,0.29640464315275733,0.15933582154134521,0.15933582154134526,8.8817841970012523e-16,8.5033315567673131e-16,0.025387904026255417,,,-8.8817841970012523e-16,,False,999,False,False,True,True,False,0.059826615691534968,,,,,,512,49,"[""le_m2""]","[""le_m2""]",False,1,"[""twfe"", ""csa"", ""bjs""]",False,The single published e <= -2 lead bin.,Published e = -1 reference.,untreated_reference_pre_average,,,False,False,pre-treatment coefficient average,S01-B01,S01-B01-C1013,S01-B01-C1008,1012,1007,PRE0036,PRE0033,verified,21.208352431516523,0.10602843835188046,21.208352431516502,0.10602843835188068,,,True,2.341778261788002e-15,published province x high-school-entry cohort; canonical physical cells shared across surveys,1625,116,False,False,False,False,False,False,False,False,False,retained,,hollow,False,False
1,S01-P007,aligned_samples,csa,pre,PRE-C0057,event_study_pre_average,True,-0.14984079228024236,-0.19451610462384358,0.15364530501377832,0.2309977778510254,0.044675312343601226,0.18687411648868413,0.021022458855731185,0.23906634681698399,0.23906634681698399,-0.044675312343601226,0.81105413657155956,False,999,False,False,False,False,False,0.0050641039987044468,,,,,,399,38,"[""le_m2""]","[""le_m2""]",False,1,"[""twfe"", ""csa"", ""bjs""]",False,The single published e <= -2 lead bin.,Published e = -1 reference.,untreated_reference_pre_average,,,False,False,pre-treatment coefficient average,S01-B01,S01-B01-C1042,S01-B01-C1032,1041,1031,PRE0041,PRE0038,verified,20.383114651136605,0.10800335324769447,19.627518506492493,0.10839850386365341,17.967304102234515,0.10292312770072336,False,1.6237011735142914e-15,published province x high-school-entry cohort; canonical physical cells shared across surveys,1803,116,False,False,False,False,False,False,False,False,False,retained,,hollow,False,False
1,S01-P007,aligned_samples,bjs,pre,PRE-C0058,event_study_pre_average,True,-0.14231631302191117,-0.14231631302191092,0.1512986774944336,0.1512986774944336,-2.4980018054066022e-16,1.7155598234902184e-16,0.02289128981156462,,,2.4980018054066022e-16,,False,999,False,False,True,True,False,0.0050641039987044468,,,,,,566,49,"[""le_m2""]","[""le_m2""]",False,1,"[""twfe"", ""csa"", ""bjs""]",False,The single published e <= -2 lead bin.,Published e = -1 reference.,untreated_reference_pre_average,,,False,False,pre-treatment coefficient average,S01-B01,S01-B01-C1043,S01-B01-C1038,1042,1037,PRE0042,PRE0039,verified,20.570388008913433,0.10645458371392202,20.570388008913429,0.10645458371392193,,,True,4.6872480728015312e-16,published province x high-school-entry cohort; canonical physical cells shared across surveys,1803,116,False,False,False,False,False,False,False,False,False,retained,,hollow,False,False
1,S01-P008,aligned_samples,csa,pre,PRE-C0059,event_study_pre_average,True,-0.40234250293032753,-0.30469563061642407,0.16817084460101941,0.18681297506555014,-0.097646872313903454,0.14962250013120193,0.020396814040575282,-0.65262157916274788,0.65262157916274788,0.097646872313903454,0.51400027030839879,False,999,False,False,False,False,False,-0.11153259410988406,,,,,,382,38,"[""le_m2""]","[""le_m2""]",False,1,"[""twfe"", ""csa"", ""bjs""]",False,The single published e <= -2 lead bin.,Published e = -1 reference.,untreated_reference_pre_average,,,False,False,pre-treatment coefficient average,S01-B01,S01-B01-C1072,S01-B01-C1062,1071,1061,PRE0047,PRE0044,verified,20.579476505111689,0.10523983299743873,20.084330964810274,0.10082399678709034,18.384430774491886,0.095797745576640947,False,1.5168422073941201e-14,published province x high-school-entry cohort; canonical physical cells shared across surveys,1702,116,False,False,False,False,False,False,False,False,False,retained,,hollow,False,False
1,S01-P008,aligned_samples,bjs,pre,PRE-C0060,event_study_pre_average,True,-0.36429336394710099,-0.36429336394709544,0.17633364153135003,0.17633364153135006,-5.5511151231257827e-15,3.2648032190769128e-15,0.031093553135706661,,,5.5511151231257827e-15,,False,999,False,False,True,True,False,-0.11153259410988406,,,,,,541,49,"[""le_m2""]","[""le_m2""]",False,1,"[""twfe"", ""csa"", ""bjs""]",False,The single published e <= -2 lead bin.,Published e = -1 reference.,untreated_reference_pre_average,,,False,False,pre-treatment coefficient average,S01-B01,S01-B01-C1073,S01-B01-C1068,1072,1067,PRE0048,PRE0045,verified,20.770195525126368,0.103788141570533,20.770195525126379,0.10378814157053276,,,True,9.5763247843835968e-15,published province x high-school-entry cohort; canonical physical cells shared across surveys,1702,116,False,False,False,False,False,False,False,False,False,retained,,hollow,False,False
1,S01-P009,aligned_samples,csa,pre,PRE-C0061,event_study_pre_average,True,-0.034184041708800489,-0.11973404335759681,0.23053294320399451,0.22079591100879195,0.085550001648796323,0.17346802833750252,0.035902557682598972,0.49317446257213865,0.49317446257213865,-0.085550001648796323,0.62188932050907875,False,999,False,False,False,False,False,-0.043555567543276864,,,,,,383,38,"[""le_m2""]","[""le_m2""]",False,1,"[""twfe"", ""csa"", ""bjs""]",False,The single published e <= -2 lead bin.,Published e = -1 reference.,untreated_reference_pre_average,,,False,False,pre-treatment coefficient average,S01-B01,S01-B01-C1102,S01-B01-C1092,1101,1091,PRE0053,PRE0050,verified,20.603845313798999,0.10436046219702243,20.029315789974412,0.1011305220931935,18.672239984049948,0.095315396941514904,False,4.5796699765787707e-16,published province x high-school-entry cohort; canonical physical cells shared across surveys,1708,116,False,False,False,False,False,False,False,False,False,retained,,hollow,False,False
1,S01-P009,aligned_samples,bjs,pre,PRE-C0062,event_study_pre_average,True,-0.047009385312844251,-0.047009385312843988,0.22600049967773048,0.22600049967773048,-2.6367796834847468e-16,1.905768833217091e-16,0.051076225854583844,,,2.6367796834847468e-16,,False,999,False,False,True,True,False,-0.043555567543276864,,,,,,542,49,"[""le_m2""]","[""le_m2""]",False,1,"[""twfe"", ""csa"", ""bjs""]",False,The single published e <= -2 lead bin.,Published e = -1 reference.,untreated_reference_pre_average,,,False,False,pre-treatment coefficient average,S01-B01,S01-B01-C1103,S01-B01-C1098,1102,1097,PRE0054,PRE0051,verified,20.789857912811676,0.1029134966709367,20.78985791281162,0.10291349667093694,,,True,2.3995595535185618e-15,published province x high-school-entry cohort; canonical physical cells shared across surveys,1708,116,False,False,False,False,False,False,False,False,False,retained,,hollow,False,False
1,S01-P010,aligned_samples,csa,pre,PRE-C0063,event_study_pre_average,True,-0.23966995210558198,-0.25757600227584604,0.13019827724050531,0.14694752383731877,0.01790605017026406,0.12018883104454622,0.012049905525230184,0.1489826468453416,0.1489826468453416,-0.01790605017026406,0.88156732595100629,False,999,False,False,False,False,False,-0.14718430442826794,,,,,,382,38,"[""le_m2""]","[""le_m2""]",False,1,"[""twfe"", ""csa"", ""bjs""]",False,The single published e <= -2 lead bin.,Published e = -1 reference.,untreated_reference_pre_average,,,False,False,pre-treatment coefficient average,S01-B01,S01-B01-C1132,S01-B01-C1122,1131,1121,PRE0059,PRE0056,verified,20.579476505111689,0.10523983299743873,20.084330964810274,0.10082399678709034,18.384430774491886,0.095797745576640947,False,1.7763568394002505e-15,published province x high-school-entry cohort; canonical physical cells shared across surveys,1698,116,False,False,False,False,False,False,False,False,False,retained,,hollow,False,False
1,S01-P010,aligned_samples,bjs,pre,PRE-C0064,event_study_pre_average,True,-0.26333515023449122,-0.26333515023449189,0.12905949515939899,0.12905949515939899,6.6613381477509392e-16,2.3849639840831854e-16,0.016656353290798925,,,-6.6613381477509392e-16,,False,999,False,False,True,True,False,-0.14718430442826794,,,,,,540,49,"[""le_m2""]","[""le_m2""]",False,1,"[""twfe"", ""csa"", ""bjs""]",False,The single published e <= -2 lead bin.,Published e = -1 reference.,untreated_reference_pre_average,,,False,False,pre-treatment coefficient average,S01-B01,S01-B01-C1133,S01-B01-C1128,1132,1127,PRE0060,PRE0057,verified,20.770195525126375,0.10378814157053268,20.770195525126358,0.10378814157053293,,,True,2.7755575615628914e-16,published province x high-school-entry cohort; canonical physical cells shared across surveys,1698,116,False,False,False,False,False,False,False,False,False,retained,,hollow,False,False
1,S01-P011,aligned_samples,csa,pre,PRE-C0065,event_study_pre_average,True,-0.0015295740753964808,0.040628451525892006,0.16352730798269927,0.21786434423840495,-0.042158025601288486,0.200124992084355,0.01707802024486782,-0.21065847479718272,0.21065847479718272,0.042158025601288486,0.83315377972121019,False,999,False,False,False,False,False,-0.05644547214147401,,,,,,382,38,"[""le_m2""]","[""le_m2""]",False,1,"[""twfe"", ""csa"", ""bjs""]",False,The single published e <= -2 lead bin.,Published e = -1 reference.,untreated_reference_pre_average,,,False,False,pre-treatment coefficient average,S01-B01,S01-B01-C1162,S01-B01-C1152,1161,1151,PRE0065,PRE0062,verified,20.579476505111689,0.10523983299743873,20.084330964810274,0.10082399678709034,18.384430774491886,0.095797745576640947,False,1.7208456881689926e-15,published province x high-school-entry cohort; canonical physical cells shared across surveys,1698,116,False,False,False,False,False,False,False,False,False,retained,,hollow,True,False
1,S01-P011,aligned_samples,bjs,pre,PRE-C0066,event_study_pre_average,True,-0.017201538488877531,-0.017201538488877552,0.15694712672923963,0.15694712672923963,2.0816681711721685e-17,1.4707904233049047e-16,0.024632400588563998,,,-2.0816681711721685e-17,,False,999,False,False,True,True,False,-0.05644547214147401,,,,,,540,49,"[""le_m2""]","[""le_m2""]",False,1,"[""twfe"", ""csa"", ""bjs""]",False,The single published e <= -2 lead bin.,Published e = -1 reference.,untreated_reference_pre_average,,,False,False,pre-treatment coefficient average,S01-B01,S01-B01-C1163,S01-B01-C1158,1162,1157,PRE0066,PRE0063,verified,20.770195525126375,0.10378814157053268,20.770195525126358,0.10378814157053293,,,True,2.4980018054066022e-16,published province x high-school-entry cohort; canonical physical cells shared across surveys,1698,116,False,False,False,False,False,False,False,False,False,retained,,hollow,False,False
1,S01-P012,aligned_samples,csa,pre,PRE-C0067,event_study_pre_average,True,0.012985714872671104,-0.070164513625679298,0.11729970851128138,0.15478871693150106,0.083150228498350409,0.14190076128791015,0.0087914712260217416,0.58597450601158085,0.58597450601158085,-0.083150228498350409,0.557892647060519,False,999,False,False,False,False,False,-0.062114088320455826,,,,,,382,38,"[""le_m2""]","[""le_m2""]",False,1,"[""twfe"", ""csa"", ""bjs""]",False,The single published e <= -2 lead bin.,Published e = -1 reference.,untreated_reference_pre_average,,,False,False,pre-treatment coefficient average,S01-B01,S01-B01-C1192,S01-B01-C1182,1191,1181,PRE0071,PRE0068,verified,20.579476505111689,0.10523983299743873,20.084330964810274,0.10082399678709034,18.384430774491886,0.095797745576640947,False,6.7029715111743826e-15,published province x high-school-entry cohort; canonical physical cells shared across surveys,1698,116,False,False,False,False,False,False,False,False,False,retained,,hollow,True,False
1,S01-P012,aligned_samples,bjs,pre,PRE-C0068,event_study_pre_average,True,0.0089937277423568201,0.0089937277423575955,0.11401437643090806,0.11401437643090807,-7.7542139376163277e-16,1.5109826416240152e-15,0.012999278032928803,,,7.7542139376163277e-16,,False,999,False,False,True,True,False,-0.062114088320455826,,,,,,540,49,"[""le_m2""]","[""le_m2""]",False,1,"[""twfe"", ""csa"", ""bjs""]",False,The single published e <= -2 lead bin.,Published e = -1 reference.,untreated_reference_pre_average,,,False,False,pre-treatment coefficient average,S01-B01,S01-B01-C1193,S01-B01-C1188,1192,1187,PRE0072,PRE0069,verified,20.770195525126375,0.10378814157053268,20.770195525126358,0.10378814157053293,,,True,8.018100689456036e-15,published province x high-school-entry cohort; canonical physical cells shared across surveys,1698,116,False,False,False,False,False,False,False,False,False,retained,,hollow,False,False
18,S18-P001,aligned_samples,csa,pre,PRE-C0069,event_study_pre_average,True,0.092107030144577051,0.073452660196619737,0.079711106788106112,0.078047779781969695,0.018654369947957314,0.020564072815990035,0.0060112176917491772,0.90713401546858019,0.90713401546858019,-0.018654369947957314,0.36433593209233667,False,999,False,False,False,False,False,0.065051174934392456,,,,1872,94,,,"[-6, -5, -4, -3, -2]","[-6, -5, -4, -3, -2]",False,5,"[""twfe"", ""csa"", ""bjs""]",False,Equal weights over individual event years -6 through -2; no endpoint bin.,Comparison uses universal cohort-specific e = -1 baseline; published-native varying adjacent pre-period baselines are separate coordinates.,untreated_reference_pre_average,CSA,,False,False,pre-treatment coefficient average,S18-B01,S18-B01-C0067,S18-B01-C0068,66,67,PRE0157,PRE0158,verified,16.063655165144123,0.12020782774964228,15.281029622332781,0.14270350228967049,17.033221671961321,0.14068063863877356,False,5.0306980803327406e-15,Frozen published source/bootstrap County fips,1872,94,False,False,False,False,False,False,False,False,False,retained,,hollow,False,False
18,S18-P001,aligned_samples,bjs,pre,PRE-C0070,event_study_pre_average,True,0.092117140762670829,0.092117140762668373,0.079750941235580242,0.079750941235580172,2.4563684419831588e-15,2.1998737153843103e-15,0.0063602126279609658,,,-2.4563684419831588e-15,,False,999,False,False,True,True,False,0.065051174934392456,,,,1872,94,,,"[-6, -5, -4, -3, -2]","[-6, -5, -4, -3, -2]",False,5,"[""twfe"", ""csa"", ""bjs""]",False,Equal weights over individual event years -6 through -2; no endpoint bin.,Comparison uses universal cohort-specific e = -1 baseline; published-native varying adjacent pre-period baselines are separate coordinates.,untreated_reference_pre_average,CSA,,False,False,pre-treatment coefficient average,S18-B01,S18-B01-C0069,S18-B01-C0070,68,69,PRE0159,PRE0160,verified,16.063710907875318,0.12020479980494873,16.063710907875318,0.12020479980494873,,,True,6.6335825721353103e-15,Frozen published source/bootstrap County fips,1872,94,False,False,False,False,False,False,False,False,False,retained,,hollow,False,False
18,S18-P002,aligned_samples,csa,pre,PRE-C0071,event_study_pre_average,True,0.045395722737075775,0.05223063819997318,0.079093884291971492,0.082247271488337798,-0.0068349154628974049,0.019270616727964724,0.0063245497652960033,-0.35468068092386779,0.35468068092386779,0.0068349154628974049,0.72282882559126804,False,999,False,False,False,False,False,0.03612961571343587,,,,2100,100,,,"[-6, -5, -4, -3, -2]","[-6, -5, -4, -3, -2]",False,5,"[""twfe"", ""csa"", ""bjs""]",False,Equal weights over individual event years -6 through -2; no endpoint bin.,Comparison uses universal cohort-specific e = -1 baseline; published-native varying adjacent pre-period baselines are separate coordinates.,untreated_reference_pre_average,CSA,,False,False,pre-treatment coefficient average,S18-B01,S18-B01-C0053,S18-B01-C0054,52,53,PRE0164,PRE0165,verified,19.151837633052299,0.13557077487540817,21.568990871825143,0.1167222508993013,28.769258106261621,0.10621387003199108,False,1.0604364608646222e-14,Frozen published source/bootstrap County fips,2100,100,False,False,False,False,False,False,False,False,False,retained,,hollow,False,False
18,S18-P002,aligned_samples,bjs,pre,PRE-C0072,event_study_pre_average,True,0.045495397094179803,0.045495397094177895,0.07911125839577586,0.079111258395775763,1.9081958235744878e-15,3.2612935668166476e-15,0.0062585912049632078,,,-1.9081958235744878e-15,,False,999,False,False,True,True,False,0.03612961571343587,,,,2100,100,,,"[-6, -5, -4, -3, -2]","[-6, -5, -4, -3, -2]",False,5,"[""twfe"", ""csa"", ""bjs""]",False,Equal weights over individual event years -6 through -2; no endpoint bin.,Comparison uses universal cohort-specific e = -1 baseline; published-native varying adjacent pre-period baselines are separate coordinates.,untreated_reference_pre_average,CSA,,False,False,pre-treatment coefficient average,S18-B01,S18-B01-C0055,S18-B01-C0056,54,55,PRE0166,PRE0167,verified,19.151928606441949,0.13557077499518772,19.151928606441935,0.1355707749951878,,,True,1.1046719095020308e-14,Frozen published source/bootstrap County fips,2100,100,False,False,False,False,False,False,False,False,False,retained,,hollow,False,False
18,S18-P003,aligned_samples,csa,pre,PRE-C0073,event_study_pre_average,True,-0.010597997094630697,0.001514693568163424,0.084540859709156618,0.092079410579675211,-0.012112690662794121,0.022443151810357817,0.0075610398749404685,-0.539705419503688,0.539705419503688,0.012112690662794121,0.58940020190346831,False,999,False,False,False,False,False,-0.0074339816779363105,,,,1990,95,,,"[-6, -5, -4, -3, -2]","[-6, -5, -4, -3, -2]",False,5,"[""twfe"", ""csa"", ""bjs""]",False,Equal weights over individual event years -6 through -2; no endpoint bin.,Comparison uses universal cohort-specific e = -1 baseline; published-native varying adjacent pre-period baselines are separate coordinates.,untreated_reference_pre_average,CSA,,False,False,pre-treatment coefficient average,S18-B01,S18-B01-C0081,S18-B01-C0082,80,81,PRE0171,PRE0172,verified,17.257665386423,0.15216961087461892,18.673372958848919,0.13696294716766849,21.802913947388145,0.14760895072162974,False,6.0021432268797525e-16,Frozen published source/bootstrap County fips,1990,95,False,False,False,False,False,False,False,False,False,retained,,hollow,True,False
18,S18-P003,aligned_samples,bjs,pre,PRE-C0074,event_study_pre_average,True,-0.010189018059115885,-0.010189018059115946,0.084553756669874816,0.084553756669874996,6.0715321659188248e-17,2.9462512261693079e-15,0.0071493377669884142,,,-6.0715321659188248e-17,,False,999,False,False,True,True,False,-0.0074339816779363105,,,,1990,95,,,"[-6, -5, -4, -3, -2]","[-6, -5, -4, -3, -2]",False,5,"[""twfe"", ""csa"", ""bjs""]",False,Equal weights over individual event years -6 through -2; no endpoint bin.,Comparison uses universal cohort-specific e = -1 baseline; published-native varying adjacent pre-period baselines are separate coordinates.,untreated_reference_pre_average,CSA,,False,False,pre-treatment coefficient average,S18-B01,S18-B01-C0083,S18-B01-C0084,82,83,PRE0173,PRE0174,verified,17.257846576837963,0.15216933814118336,17.257846576837959,0.15216933814118336,,,True,2.5824780155660192e-15,Frozen published source/bootstrap County fips,1990,95,False,False,False,False,False,False,False,False,False,retained,,hollow,False,False
19,S19-P002,aligned_samples,csa,pre,PRE-C0075,event_study_pre_average,True,0.12766198938285389,0.26349374820993188,0.072807700584312088,0.098109161592671301,-0.13583175882707799,0.065478984808776702,0.0053194357006018569,-2.0744328768040292,2.0744328768040292,0.13583175882707799,0.038039126618003349,True,999,False,False,False,False,False,0.19244443966155414,,,,977,76,,,"[-5, -4, -3, -2]","[-5, -4, -3, -2]",False,4,"[""twfe"", ""csa"", ""bjs""]",False,"Equal weights over published terms -5, -4, -3, -2; -5 pools e <= -5.",Published e = -1 reference.,untreated_reference_pre_average,,,False,False,pre-treatment coefficient average,S19-B01,S19-B01-C0009,S19-B01-C0156,8,155,PRE0133,PRE0134,verified,27.950293018348354,0.052061590845519243,26.805172064260756,0.053952030375043127,9.4914556223843221,0.24487263399540465,False,2.55351295663786e-15,Published origin-destination pair,977,76,True,False,False,False,True,False,False,True,True,retained_fragile,,fragile,False,False
19,S19-P002,aligned_samples,bjs,pre,PRE-C0076,event_study_pre_average,True,0.13757501300882818,0.13757501300882816,0.073576141702382067,0.073576141702382067,2.7755575615628914e-17,1.9097488947840033e-17,0.0054134486278090048,,,-2.7755575615628914e-17,,False,999,False,False,True,True,False,0.19244443966155414,,,,977,76,,,"[-5, -4, -3, -2]","[-5, -4, -3, -2]",False,4,"[""twfe"", ""csa"", ""bjs""]",False,"Equal weights over published terms -5, -4, -3, -2; -5 pools e <= -5.",Published e = -1 reference.,untreated_reference_pre_average,,,False,False,pre-treatment coefficient average,S19-B01,S19-B01-C0010,S19-B01-C0158,9,157,PRE0135,PRE0136,verified,27.889160596225537,0.052117588676280899,27.889160596225537,0.052117588676280899,,,True,3.0808688933348094e-15,Published origin-destination pair,977,76,False,False,False,False,False,False,False,False,False,retained,,hollow,False,False
19,S19-P003,aligned_samples,csa,pre,PRE-C0077,event_study_pre_average,True,0.011429391698260129,0.076852854972400658,0.15523779441368549,0.1739089931225771,-0.065423463274140531,0.13273964694981719,0.018361648415486067,-0.49287055357977683,0.49287055357977683,0.065423463274140531,0.62210405478484332,False,999,False,False,False,False,False,0.051220680333266391,,,,861,73,,,"[-5, -4, -3, -2]","[-3, -2]",True,2,"[""twfe"", ""csa"", ""bjs""]",False,"Equal weights over the common available event years -3 and -2; original registered terms were -5, -4, -3, -2.",Published e = -1 reference.,untreated_reference_pre_average,,,False,False,pre-treatment coefficient average,S19-B01,S19-B01-C0169,S19-B01-C0170,168,169,PRE0140,PRE0141,verified,15.658349301332468,0.11589326923500962,16.266308262671799,0.080372014285361615,9.9616861760479836,0.20529144525624343,False,4.2743586448068527e-15,Published origin-destination pair,861,73,False,False,False,False,True,False,False,True,True,retained_fragile,,fragile,False,False
19,S19-P003,aligned_samples,bjs,pre,PRE-C0078,event_study_pre_average,True,-0.033840892449069064,-0.033840892449069057,0.16178334413896681,0.16178334413896681,-6.9388939039072284e-18,1.6245190402542709e-17,0.026173850440787367,,,6.9388939039072284e-18,,False,999,False,False,True,True,False,0.051220680333266391,,,,861,73,,,"[-5, -4, -3, -2]","[-3, -2]",True,2,"[""twfe"", ""csa"", ""bjs""]",False,"Equal weights over the common available event years -3 and -2; original registered terms were -5, -4, -3, -2.",Published e = -1 reference.,untreated_reference_pre_average,,,False,False,pre-treatment coefficient average,S19-B01,S19-B01-C0171,S19-B01-C0172,170,171,PRE0142,PRE0143,verified,15.427652722494029,0.1181063549503993,15.427652722494029,0.1181063549503993,,,True,2.4320823133194835e-14,Published origin-destination pair,861,73,False,False,False,False,False,False,False,False,False,retained,,hollow,False,False
20,S20-P001,aligned_samples,csa,pre,PRE-C0079,event_study_pre_average,True,-0.06970409372305883,-0.022095342629448952,0.029559240255098877,0.030202586406601381,-0.047608751093609875,0.015984431888736595,0.00076522142365061053,-2.9784449910388937,2.9784449910388937,0.047608751093609875,0.0028971502863945906,True,999,False,False,False,False,False,-0.023125932007633666,,,,,,86970,613,"[-10, -9, -8, -7, -6, -5, -4, -3, -2]","[-10, -9, -8, -7, -6, -5, -4, -3, -2]",False,9,"[""twfe"", ""csa"", ""bjs""]",True,"Equal weights over published event-bin codes -10 through -2; code -10 pools e <= -90 and code -2 is (-20, -10].","Published (-10, 0] reference includes treatment time; these are contrasts against that mixed reference.",mixed_reference_event_contrast,,,False,False,pre-treatment coefficient average,S20-B01,S20-B01-C0089,S20-B01-C0086,88,85,PRE0083,PRE0080,verified,28.947914727077347,0.037984689616902094,23.886264947789364,0.078137156052698012,14.784680916855587,0.12203460962761542,False,1.9185347754913096e-13,Frozen published source/bootstrap cluster,102825,636,True,False,False,False,False,False,False,False,False,retained,,filled,False,False
20,S20-P001,aligned_samples,bjs,pre,PRE-C0080,event_study_pre_average,True,-0.070714994169368467,-0.048760623678166498,0.029537729700147789,0.022849676579851423,-0.021954370491201969,0.01003008876907405,0.00064699125746364901,-2.1888510656948785,2.1888510656948785,0.021954370491201969,0.028607666731038935,True,999,False,False,False,False,False,-0.023125932007633666,,,,,,97658,627,"[-10, -9, -8, -7, -6, -5, -4, -3, -2]","[-10, -9, -8, -7, -6, -5, -4, -3, -2]",False,9,"[""twfe"", ""csa"", ""bjs""]",True,"Equal weights over published event-bin codes -10 through -2; code -10 pools e <= -90 and code -2 is (-20, -10].","Published (-10, 0] reference includes treatment time; these are contrasts against that mixed reference.",mixed_reference_event_contrast,,,False,False,pre-treatment coefficient average,S20-B01,S20-B01-C0090,S20-B01-C0087,89,86,PRE0084,PRE0081,verified,28.94001753637858,0.037984359065985816,29.508238021559542,0.036599295535760551,25.004283962536821,0.089030504772273339,False,1.8976487048405488e-13,Frozen published source/bootstrap cluster,102825,636,True,False,False,False,False,False,False,False,False,retained,,filled,False,False
20,S20-P002,aligned_samples,csa,pre,PRE-C0081,event_study_pre_average,True,-0.01745168849594592,0.0088507486576641127,0.037337631489455084,0.03765151454793908,-0.026302437153610032,0.017758795688600646,0.0012481802243432772,-1.4810935164085222,1.4810935164085222,0.026302437153610032,0.13858165535606556,False,999,False,False,False,False,False,-0.0016793639926062415,,,,,,86970,613,"[-10, -9, -8, -7, -6, -5, -4, -3, -2]","[-10, -9, -8, -7, -6, -5, -4, -3, -2]",False,9,"[""twfe"", ""csa"", ""bjs""]",True,"Equal weights over published event-bin codes -10 through -2; code -10 pools e <= -90 and code -2 is (-20, -10].","Published (-10, 0] reference includes treatment time; these are contrasts against that mixed reference.",mixed_reference_event_contrast,,,False,False,pre-treatment coefficient average,S20-B01,S20-B01-C0095,S20-B01-C0092,94,91,PRE0089,PRE0086,verified,28.947914727077347,0.037984689616902094,23.886264947789364,0.078137156052698012,14.784680916855587,0.12203460962761542,False,1.24459470507432e-13,Frozen published source/bootstrap cluster,102825,636,False,False,False,False,False,False,False,False,False,retained,,hollow,True,False
20,S20-P002,aligned_samples,bjs,pre,PRE-C0082,event_study_pre_average,True,-0.017846185223144111,-0.0073264634139474389,0.037194860772686134,0.029380554685070358,-0.010519721809196672,0.010371398594776534,0.0010695543763450913,-1.0143011777114459,1.0143011777114459,0.010519721809196672,0.31043906226018853,False,999,False,False,False,False,False,-0.0016793639926062415,,,,,,97658,627,"[-10, -9, -8, -7, -6, -5, -4, -3, -2]","[-10, -9, -8, -7, -6, -5, -4, -3, -2]",False,9,"[""twfe"", ""csa"", ""bjs""]",True,"Equal weights over published event-bin codes -10 through -2; code -10 pools e <= -90 and code -2 is (-20, -10].","Published (-10, 0] reference includes treatment time; these are contrasts against that mixed reference.",mixed_reference_event_contrast,,,False,False,pre-treatment coefficient average,S20-B01,S20-B01-C0096,S20-B01-C0093,95,92,PRE0090,PRE0087,verified,28.94001753637858,0.037984359065985816,29.508238021559542,0.036599295535760551,25.004283962536821,0.089030504772273339,False,1.2374823388228151e-13,Frozen published source/bootstrap cluster,102825,636,False,False,False,False,False,False,False,False,False,retained,,hollow,False,False
20,S20-P003,aligned_samples,csa,pre,PRE-C0083,event_study_pre_average,True,0.28314936469594948,-0.2425333571042578,0.67625294480058107,0.2896388111596882,0.52568272180020725,0.60572436925815953,0.087153337384130045,0.86785797052216906,0.86785797052216906,-0.52568272180020725,0.38547208998055082,False,999,False,False,False,False,False,-0.15304623826986954,,,,,,1680,22,"[-10, -9, -8, -7, -6, -5, -4, -3, -2]","[-10, -9, -8, -7, -6, -5, -4, -3, -2]",False,9,"[""twfe"", ""csa"", ""bjs""]",True,"Equal weights over published event-bin codes -10 through -2; code -10 pools e <= -90 and code -2 is (-20, -10].","Published (-10, 0] reference includes treatment time; these are contrasts against that mixed reference.",mixed_reference_event_contrast,,,False,False,pre-treatment coefficient average,S20-B01,S20-B01-C0101,S20-B01-C0098,100,97,PRE0095,PRE0092,verified,11.650606147221675,0.13099234987121536,5.2395015676641421,0.39123360528866863,6.209230730022032,0.35117100720856209,False,1.0158540675320182e-14,Frozen published source/bootstrap cluster,4296,29,False,False,False,False,True,False,True,True,True,retained_fragile,,fragile,True,False
20,S20-P003,aligned_samples,bjs,pre,PRE-C0084,event_study_pre_average,True,0.11733996130009493,0.037611984884993836,0.69194157831972203,0.11437173163049551,0.079727976415101098,0.63008157585718449,0.047430624284536593,0.12653595894569117,0.12653595894569117,-0.079727976415101098,0.89930768666878724,False,999,False,False,False,False,False,-0.15304623826986954,,,,,,1799,23,"[-10, -9, -8, -7, -6, -5, -4, -3, -2]","[-10, -9, -8, -7, -6, -5, -4, -3, -2]",False,9,"[""twfe"", ""csa"", ""bjs""]",True,"Equal weights over published event-bin codes -10 through -2; code -10 pools e <= -90 and code -2 is (-20, -10].","Published (-10, 0] reference includes treatment time; these are contrasts against that mixed reference.",mixed_reference_event_contrast,,,False,False,pre-treatment coefficient average,S20-B01,S20-B01-C0102,S20-B01-C0099,101,98,PRE0096,PRE0093,verified,12.31148887058294,0.12779016512286781,15.45369133099218,0.098975781441931976,9.8431163860979982,0.18874828460442231,False,1.9387269567516796e-14,Frozen published source/bootstrap cluster,4296,29,False,False,False,False,True,False,False,True,True,retained_fragile,,fragile,False,False
20,S20-P004,aligned_samples,csa,pre,PRE-C0085,event_study_pre_average,True,-0.16542660480546292,-0.34180652827602054,0.62331744067790018,0.28330804894239936,0.17637992347055761,0.53581828937355669,0.090843421610796046,0.32917861702102286,0.32917861702102286,-0.17637992347055761,0.74202068426074641,False,999,False,False,False,False,False,-0.22511850755878271,,,,,,1680,22,"[-10, -9, -8, -7, -6, -5, -4, -3, -2]","[-10, -9, -8, -7, -6, -5, -4, -3, -2]",False,9,"[""twfe"", ""csa"", ""bjs""]",True,"Equal weights over published event-bin codes -10 through -2; code -10 pools e <= -90 and code -2 is (-20, -10].","Published (-10, 0] reference includes treatment time; these are contrasts against that mixed reference.",mixed_reference_event_contrast,,,False,False,pre-treatment coefficient average,S20-B01,S20-B01-C0107,S20-B01-C0104,106,103,PRE0101,PRE0098,verified,11.650606147221675,0.13099234987121536,5.2395015676641421,0.39123360528866863,6.209230730022032,0.35117100720856209,False,1.0630385460785874e-13,Frozen published source/bootstrap cluster,4296,29,False,False,False,False,True,False,True,True,True,retained_fragile,,fragile,False,False
20,S20-P004,aligned_samples,bjs,pre,PRE-C0086,event_study_pre_average,True,-0.26612304658814184,0.035052259712197303,0.60668989362471937,0.099421589701857632,-0.30117530630033917,0.54134546075537093,0.042451185822386453,-0.55634586070065439,0.55634586070065439,0.30117530630033917,0.57797444170177015,False,999,False,False,False,False,False,-0.22511850755878271,,,,,,1799,23,"[-10, -9, -8, -7, -6, -5, -4, -3, -2]","[-10, -9, -8, -7, -6, -5, -4, -3, -2]",False,9,"[""twfe"", ""csa"", ""bjs""]",True,"Equal weights over published event-bin codes -10 through -2; code -10 pools e <= -90 and code -2 is (-20, -10].","Published (-10, 0] reference includes treatment time; these are contrasts against that mixed reference.",mixed_reference_event_contrast,,,False,False,pre-treatment coefficient average,S20-B01,S20-B01-C0108,S20-B01-C0105,107,104,PRE0102,PRE0099,verified,12.31148887058294,0.12779016512286781,15.45369133099218,0.098975781441931976,9.8431163860979982,0.18874828460442231,False,8.4154905266586866e-14,Frozen published source/bootstrap cluster,4296,29,False,False,False,False,True,False,False,True,True,retained_fragile,,fragile,True,False
22,S22-P001,aligned_samples,csa,pre,PRE-C0087,event_study_pre_average,True,0.054359192835752482,0.031743675591794418,0.052034366717538152,0.039740297610852258,0.022615517243958064,0.018963095516019515,0.0019636337911723362,1.1926068307177529,1.1926068307177529,-0.022615517243958064,0.23302338942276346,False,999,False,False,False,False,False,0.1034124048780428,,,,,,19926,47,"[-20, -19, -18, -17, -16, -15, -14, -13, -12, -11, -10, -9, -8, -7, -6, -5, -4, -3, -2]","[-20, -19, -18, -17, -16, -15, -14, -13, -12, -11, -10, -9, -8, -7, -6, -5, -4, -3, -2]",False,19,"[""twfe"", ""csa"", ""bjs""]",False,Equal weights over individual event years -20 through -2; the separate -21 lower-tail bin is not pooled.,Comparison uses universal cohort-specific e = -1 baseline; published-native varying adjacent pre-period baselines are separate coordinates.,untreated_reference_pre_average,,,False,False,pre-treatment coefficient average,S22-B01,S22-B01-C0011,S22-B01-C0008,10,7,PRE0131,PRE0128,verified,17.994802690683461,0.15257839706307716,11.754937279818469,0.24039101030957949,11.395273730314889,0.22390627097180171,False,2.6069424396979457e-14,Frozen published source/bootstrap cluster,39432,47,False,False,False,False,False,False,False,False,False,retained,,hollow,False,False
22,S22-P001,aligned_samples,bjs,pre,PRE-C0088,event_study_pre_average,True,0.054359192835753911,0.054359192835704492,0.052034366717538055,0.05203436671753825,4.9418802383627281e-14,4.4316087054471563e-14,0.0027075753196952423,,,-4.9418802383627281e-14,,False,999,False,False,True,True,False,0.1034124048780428,,,,,,20508,47,"[-20, -19, -18, -17, -16, -15, -14, -13, -12, -11, -10, -9, -8, -7, -6, -5, -4, -3, -2]","[-20, -19, -18, -17, -16, -15, -14, -13, -12, -11, -10, -9, -8, -7, -6, -5, -4, -3, -2]",False,19,"[""twfe"", ""csa"", ""bjs""]",False,Equal weights over individual event years -20 through -2; the separate -21 lower-tail bin is not pooled.,Comparison uses universal cohort-specific e = -1 baseline; published-native varying adjacent pre-period baselines are separate coordinates.,untreated_reference_pre_average,,,False,False,pre-treatment coefficient average,S22-B01,S22-B01-C0012,S22-B01-C0009,11,8,PRE0132,PRE0129,verified,17.994802690683454,0.15257839706307716,17.994802690683443,0.15257839706307741,,,True,7.0894679016220152e-14,Frozen published source/bootstrap cluster,39432,47,False,False,False,False,False,False,False,False,False,retained,,hollow,False,False
