study_id,specification_id,family,modern_estimator,summary_period,available,twfe_available,modern_available,unavailable_reason_code
1,S01-P001,baseline,csa,pre,True,True,True,
1,S01-P001,baseline,bjs,pre,True,True,True,
1,S01-P002,baseline,csa,pre,True,True,True,
1,S01-P002,baseline,bjs,pre,True,True,True,
1,S01-P003,baseline,csa,pre,True,True,True,
1,S01-P003,baseline,bjs,pre,True,True,True,
1,S01-P004,baseline,csa,pre,True,True,True,
1,S01-P004,baseline,bjs,pre,True,True,True,
1,S01-P005,baseline,csa,pre,True,True,True,
1,S01-P005,baseline,bjs,pre,True,True,True,
1,S01-P006,baseline,csa,pre,True,True,True,
1,S01-P006,baseline,bjs,pre,True,True,True,
1,S01-P007,baseline,csa,pre,True,True,True,
1,S01-P007,baseline,bjs,pre,True,True,True,
1,S01-P008,baseline,csa,pre,True,True,True,
1,S01-P008,baseline,bjs,pre,True,True,True,
1,S01-P009,baseline,csa,pre,True,True,True,
1,S01-P009,baseline,bjs,pre,True,True,True,
1,S01-P010,baseline,csa,pre,True,True,True,
1,S01-P010,baseline,bjs,pre,True,True,True,
1,S01-P011,baseline,csa,pre,True,True,True,
1,S01-P011,baseline,bjs,pre,True,True,True,
1,S01-P012,baseline,csa,pre,True,True,True,
1,S01-P012,baseline,bjs,pre,True,True,True,
11,S11-P001,baseline,csa,pre,False,True,False,modern_pre_estimand_not_registered
11,S11-P001,baseline,bjs,pre,False,True,False,modern_pre_estimand_not_registered
18,S18-P001,baseline,csa,pre,True,True,True,
18,S18-P001,baseline,bjs,pre,True,True,True,
18,S18-P002,baseline,csa,pre,True,True,True,
18,S18-P002,baseline,bjs,pre,True,True,True,
18,S18-P003,baseline,csa,pre,True,True,True,
18,S18-P003,baseline,bjs,pre,True,True,True,
19,S19-P002,baseline,csa,pre,True,True,True,
19,S19-P002,baseline,bjs,pre,True,True,True,
19,S19-P003,baseline,csa,pre,True,True,True,
19,S19-P003,baseline,bjs,pre,True,True,True,
20,S20-P001,baseline,csa,pre,True,True,True,
20,S20-P001,baseline,bjs,pre,True,True,True,
20,S20-P002,baseline,csa,pre,True,True,True,
20,S20-P002,baseline,bjs,pre,True,True,True,
20,S20-P003,baseline,csa,pre,True,True,True,
20,S20-P003,baseline,bjs,pre,True,True,True,
20,S20-P004,baseline,csa,pre,True,True,True,
20,S20-P004,baseline,bjs,pre,True,True,True,
22,S22-P001,baseline,csa,pre,True,True,True,
22,S22-P001,baseline,bjs,pre,True,True,True,
23,S23-P001,baseline,csa,pre,False,False,False,all_pre_periods_omitted
23,S23-P001,baseline,bjs,pre,False,False,False,all_pre_periods_omitted
23,S23-P002,baseline,csa,pre,False,False,False,all_pre_periods_omitted
23,S23-P002,baseline,bjs,pre,False,False,False,all_pre_periods_omitted
23,S23-P003,baseline,csa,pre,False,False,False,all_pre_periods_omitted
23,S23-P003,baseline,bjs,pre,False,False,False,all_pre_periods_omitted
23,S23-P004,baseline,csa,pre,False,False,False,all_pre_periods_omitted
23,S23-P004,baseline,bjs,pre,False,False,False,all_pre_periods_omitted
23,S23-P005,baseline,csa,pre,False,False,False,all_pre_periods_omitted
23,S23-P005,baseline,bjs,pre,False,False,False,all_pre_periods_omitted
1,S01-P001,aligned_samples,csa,pre,True,True,True,
1,S01-P001,aligned_samples,bjs,pre,True,True,True,
1,S01-P002,aligned_samples,csa,pre,True,True,True,
1,S01-P002,aligned_samples,bjs,pre,True,True,True,
1,S01-P003,aligned_samples,csa,pre,True,True,True,
1,S01-P003,aligned_samples,bjs,pre,True,True,True,
1,S01-P004,aligned_samples,csa,pre,True,True,True,
1,S01-P004,aligned_samples,bjs,pre,True,True,True,
1,S01-P005,aligned_samples,csa,pre,True,True,True,
1,S01-P005,aligned_samples,bjs,pre,True,True,True,
1,S01-P006,aligned_samples,csa,pre,True,True,True,
1,S01-P006,aligned_samples,bjs,pre,True,True,True,
1,S01-P007,aligned_samples,csa,pre,True,True,True,
1,S01-P007,aligned_samples,bjs,pre,True,True,True,
1,S01-P008,aligned_samples,csa,pre,True,True,True,
1,S01-P008,aligned_samples,bjs,pre,True,True,True,
1,S01-P009,aligned_samples,csa,pre,True,True,True,
1,S01-P009,aligned_samples,bjs,pre,True,True,True,
1,S01-P010,aligned_samples,csa,pre,True,True,True,
1,S01-P010,aligned_samples,bjs,pre,True,True,True,
1,S01-P011,aligned_samples,csa,pre,True,True,True,
1,S01-P011,aligned_samples,bjs,pre,True,True,True,
1,S01-P012,aligned_samples,csa,pre,True,True,True,
1,S01-P012,aligned_samples,bjs,pre,True,True,True,
11,S11-P001,aligned_samples,csa,pre,False,False,False,modern_pre_estimand_not_registered
11,S11-P001,aligned_samples,bjs,pre,False,False,False,modern_pre_estimand_not_registered
18,S18-P001,aligned_samples,csa,pre,True,True,True,
18,S18-P001,aligned_samples,bjs,pre,True,True,True,
18,S18-P002,aligned_samples,csa,pre,True,True,True,
18,S18-P002,aligned_samples,bjs,pre,True,True,True,
18,S18-P003,aligned_samples,csa,pre,True,True,True,
18,S18-P003,aligned_samples,bjs,pre,True,True,True,
19,S19-P002,aligned_samples,csa,pre,True,True,True,
19,S19-P002,aligned_samples,bjs,pre,True,True,True,
19,S19-P003,aligned_samples,csa,pre,True,True,True,
19,S19-P003,aligned_samples,bjs,pre,True,True,True,
20,S20-P001,aligned_samples,csa,pre,True,True,True,
20,S20-P001,aligned_samples,bjs,pre,True,True,True,
20,S20-P002,aligned_samples,csa,pre,True,True,True,
20,S20-P002,aligned_samples,bjs,pre,True,True,True,
20,S20-P003,aligned_samples,csa,pre,True,True,True,
20,S20-P003,aligned_samples,bjs,pre,True,True,True,
20,S20-P004,aligned_samples,csa,pre,True,True,True,
20,S20-P004,aligned_samples,bjs,pre,True,True,True,
22,S22-P001,aligned_samples,csa,pre,True,True,True,
22,S22-P001,aligned_samples,bjs,pre,True,True,True,
23,S23-P001,aligned_samples,csa,pre,False,False,False,all_pre_periods_omitted
23,S23-P001,aligned_samples,bjs,pre,False,False,False,all_pre_periods_omitted
23,S23-P002,aligned_samples,csa,pre,False,False,False,all_pre_periods_omitted
23,S23-P002,aligned_samples,bjs,pre,False,False,False,all_pre_periods_omitted
23,S23-P003,aligned_samples,csa,pre,False,False,False,all_pre_periods_omitted
23,S23-P003,aligned_samples,bjs,pre,False,False,False,all_pre_periods_omitted
23,S23-P004,aligned_samples,csa,pre,False,False,False,all_pre_periods_omitted
23,S23-P004,aligned_samples,bjs,pre,False,False,False,all_pre_periods_omitted
23,S23-P005,aligned_samples,csa,pre,False,False,False,all_pre_periods_omitted
23,S23-P005,aligned_samples,bjs,pre,False,False,False,all_pre_periods_omitted
