study_id,specification_id,specification_type,summary_period
1,S01-P001,event_study_post_average,post
1,S01-P002,event_study_post_average,post
1,S01-P003,event_study_post_average,post
1,S01-P004,event_study_post_average,post
1,S01-P005,event_study_post_average,post
1,S01-P006,event_study_post_average,post
1,S01-P007,event_study_post_average,post
1,S01-P008,event_study_post_average,post
1,S01-P009,event_study_post_average,post
1,S01-P010,event_study_post_average,post
1,S01-P011,event_study_post_average,post
1,S01-P012,event_study_post_average,post
1,S01-P013,twfe_scalar,static
1,S01-P014,twfe_scalar,static
1,S01-P015,twfe_scalar,static
1,S01-P016,twfe_scalar,static
1,S01-P017,twfe_scalar,static
1,S01-P018,twfe_scalar,static
1,S01-P019,twfe_scalar,static
1,S01-P020,twfe_scalar,static
1,S01-P021,twfe_scalar,static
1,S01-P022,twfe_scalar,static
1,S01-P023,twfe_scalar,static
1,S01-P024,twfe_scalar,static
1,S01-P025,twfe_scalar,static
1,S01-P026,twfe_scalar,static
1,S01-P027,twfe_scalar,static
1,S01-P028,twfe_scalar,static
1,S01-P029,twfe_scalar,static
1,S01-P030,twfe_scalar,static
1,S01-P031,twfe_scalar,static
1,S01-P032,twfe_scalar,static
1,S01-P033,twfe_scalar,static
1,S01-P034,twfe_scalar,static
1,S01-P035,twfe_scalar,static
1,S01-P036,twfe_scalar,static
1,S01-P037,twfe_scalar,static
1,S01-P038,twfe_scalar,static
1,S01-P039,twfe_scalar,static
1,S01-P040,twfe_scalar,static
1,S01-P041,twfe_scalar,static
1,S01-P042,twfe_scalar,static
1,S01-P043,twfe_scalar,static
1,S01-P044,twfe_scalar,static
1,S01-P045,twfe_scalar,static
1,S01-P046,twfe_scalar,static
1,S01-P047,twfe_scalar,static
1,S01-P048,twfe_scalar,static
1,S01-P049,twfe_scalar,static
1,S01-P050,twfe_scalar,static
1,S01-P051,twfe_scalar,static
1,S01-P052,twfe_scalar,static
1,S01-P053,twfe_scalar,static
1,S01-P054,twfe_scalar,static
1,S01-P055,twfe_scalar,static
1,S01-P056,twfe_scalar,static
1,S01-P057,twfe_scalar,static
1,S01-P058,twfe_scalar,static
1,S01-P059,twfe_scalar,static
1,S01-P060,twfe_scalar,static
1,S01-P061,twfe_scalar,static
1,S01-P062,twfe_scalar,static
1,S01-P063,twfe_scalar,static
1,S01-P064,twfe_scalar,static
1,S01-P065,twfe_scalar,static
1,S01-P066,twfe_scalar,static
1,S01-P067,twfe_scalar,static
1,S01-P068,twfe_scalar,static
1,S01-P069,twfe_scalar,static
1,S01-P070,twfe_scalar,static
1,S01-P071,twfe_scalar,static
1,S01-P072,twfe_scalar,static
1,S01-P073,twfe_scalar,static
1,S01-P074,twfe_scalar,static
1,S01-P075,twfe_scalar,static
1,S01-P076,twfe_scalar,static
1,S01-P077,twfe_scalar,static
1,S01-P078,twfe_scalar,static
1,S01-P079,twfe_scalar,static
1,S01-P080,twfe_scalar,static
1,S01-P081,twfe_scalar,static
1,S01-P082,twfe_scalar,static
1,S01-P083,twfe_scalar,static
1,S01-P084,twfe_scalar,static
1,S01-P085,twfe_scalar,static
1,S01-P086,twfe_scalar,static
1,S01-P087,twfe_scalar,static
1,S01-P088,twfe_scalar,static
1,S01-P089,twfe_scalar,static
1,S01-P090,twfe_scalar,static
1,S01-P091,twfe_scalar,static
1,S01-P092,twfe_scalar,static
1,S01-P093,twfe_scalar,static
1,S01-P094,twfe_scalar,static
1,S01-P095,twfe_scalar,static
1,S01-P096,twfe_scalar,static
1,S01-P097,twfe_scalar,static
1,S01-P098,twfe_scalar,static
1,S01-P099,twfe_scalar,static
1,S01-P100,twfe_scalar,static
1,S01-P101,twfe_scalar,static
1,S01-P102,twfe_scalar,static
1,S01-P103,twfe_scalar,static
2,S02-P001,twfe_scalar,static
2,S02-P002,twfe_scalar,static
2,S02-P003,twfe_scalar,static
2,S02-P004,twfe_scalar,static
2,S02-P005,twfe_scalar,static
2,S02-P006,twfe_scalar,static
2,S02-P007,twfe_scalar,static
2,S02-P008,twfe_scalar,static
2,S02-P009,twfe_scalar,static
2,S02-P010,twfe_scalar,static
2,S02-P011,twfe_scalar,static
2,S02-P012,twfe_scalar,static
2,S02-P013,twfe_scalar,static
2,S02-P014,twfe_scalar,static
2,S02-P015,twfe_scalar,static
2,S02-P016,twfe_scalar,static
2,S02-P017,twfe_scalar,static
2,S02-P018,twfe_scalar,static
2,S02-P019,twfe_scalar,static
2,S02-P020,twfe_scalar,static
2,S02-P021,twfe_scalar,static
3,S03-P001,twfe_scalar,static
3,S03-P002,twfe_scalar,static
3,S03-P003,twfe_scalar,static
3,S03-P004,twfe_scalar,static
3,S03-P005,twfe_scalar,static
3,S03-P006,twfe_scalar,static
3,S03-P007,twfe_scalar,static
3,S03-P008,twfe_scalar,static
3,S03-P009,twfe_scalar,static
3,S03-P010,twfe_scalar,static
3,S03-P011,twfe_scalar,static
3,S03-P012,twfe_scalar,static
3,S03-P013,twfe_scalar,static
3,S03-P014,twfe_scalar,static
3,S03-P015,twfe_scalar,static
3,S03-P016,twfe_scalar,static
4,S04-P001,twfe_scalar,static
4,S04-P002,twfe_scalar,static
4,S04-P003,twfe_scalar,static
4,S04-P004,twfe_scalar,static
4,S04-P005,twfe_scalar,static
4,S04-P006,twfe_scalar,static
4,S04-P007,twfe_scalar,static
5,S05-P001,scalar,static
5,S05-P002,scalar,static
5,S05-P003,scalar,static
6,S06-P001,twfe_scalar,static
7,S07-P001,scalar,static
7,S07-P002,scalar,static
7,S07-P003,scalar,static
8,S08-P001,twfe_scalar,static
8,S08-P002,twfe_scalar,static
8,S08-P003,twfe_scalar,static
8,S08-P004,twfe_scalar,static
9,S09-P001,scalar,static
9,S09-P002,scalar,static
9,S09-P003,scalar,static
9,S09-P004,scalar,static
9,S09-P005,scalar,static
9,S09-P006,scalar,static
9,S09-P007,scalar,static
10,S10-P001,twfe_scalar,static
10,S10-P002,twfe_scalar,static
11,S11-P001,event_study_post_average,post
12,S12-P001,twfe_scalar,static
12,S12-P002,twfe_scalar,static
12,S12-P003,twfe_scalar,static
12,S12-P004,twfe_scalar,static
13,S13-P001,twfe_scalar,static
13,S13-P002,twfe_scalar,static
13,S13-P003,twfe_scalar,static
14,S14-P001,twfe_scalar,static
14,S14-P002,twfe_scalar,static
14,S14-P003,twfe_scalar,static
14,S14-P004,twfe_scalar,static
15,S15-P001,twfe_scalar,static
15,S15-P002,twfe_scalar,static
16,S16-P001,event_study_post_average,post
16,S16-P002,event_study_post_average,post
16,S16-P003,event_study_post_average,post
16,S16-P004,twfe_scalar,static
16,S16-P005,scalar,static
16,S16-P006,scalar,static
16,S16-P007,scalar,static
16,S16-P008,twfe_scalar,static
16,S16-P009,twfe_scalar,static
17,S17-P001,twfe_scalar,static
17,S17-P002,event_study_post_average,post
17,S17-P003,event_study_post_average,post
18,S18-P001,event_study_post_average,post
18,S18-P002,event_study_post_average,post
18,S18-P003,event_study_post_average,post
18,S18-P004,event_study_post_average,post
18,S18-P005,scalar,static
18,S18-P006,scalar,static
18,S18-P007,scalar,static
18,S18-P008,scalar,static
18,S18-P009,scalar,static
18,S18-P010,scalar,static
18,S18-P011,scalar,static
18,S18-P012,scalar,static
18,S18-P013,scalar,static
18,S18-P014,scalar,static
19,S19-P001,twfe_scalar,static
19,S19-P002,twfe_scalar,static
19,S19-P003,twfe_scalar,static
19,S19-P004,twfe_scalar,static
19,S19-P005,twfe_scalar,static
19,S19-P006,twfe_scalar,static
19,S19-P007,twfe_scalar,static
19,S19-P008,twfe_scalar,static
19,S19-P009,twfe_scalar,static
19,S19-P010,twfe_scalar,static
19,S19-P011,static,static
19,S19-P012,static,static
19,S19-P013,static,static
19,S19-P014,static,static
19,S19-P015,twfe_scalar,static
19,S19-P016,twfe_scalar,static
19,S19-P017,twfe_scalar,static
19,S19-P018,twfe_scalar,static
19,S19-P019,twfe_scalar,static
19,S19-P020,twfe_scalar,static
19,S19-P021,twfe_scalar,static
19,S19-P022,twfe_scalar,static
19,S19-P023,twfe_scalar,static
19,S19-P024,twfe_scalar,static
19,S19-P025,twfe_scalar,static
19,S19-P026,twfe_scalar,static
20,S20-P001,event_study_post_average,post
21,S21-P001,event_study_post_average,post
21,S21-P002,event_study_post_average,post
21,S21-P003,event_study_post_average,post
21,S21-P004,event_study_post_average,post
21,S21-P005,event_study_post_average,post
21,S21-P006,scalar,static
21,S21-P007,scalar,static
21,S21-P008,scalar,static
21,S21-P009,scalar,static
21,S21-P010,scalar,static
21,S21-P011,scalar,static
22,S22-P001,scalar,static
22,S22-P002,scalar,static
22,S22-P003,scalar,static
22,S22-P004,scalar,static
22,S22-P005,scalar,static
22,S22-P006,scalar,static
22,S22-P007,scalar,static
22,S22-P008,scalar,static
22,S22-P009,scalar,static
22,S22-P010,scalar,static
22,S22-P011,scalar,static
22,S22-P012,scalar,static
22,S22-P013,scalar,static
22,S22-P014,scalar,static
22,S22-P015,scalar,static
22,S22-P016,scalar,static
22,S22-P017,scalar,static
22,S22-P018,scalar,static
22,S22-P019,twfe_scalar,static
22,S22-P020,twfe_scalar,static
22,S22-P021,twfe_scalar,static
22,S22-P022,twfe_scalar,static
22,S22-P023,twfe_scalar,static
22,S22-P024,twfe_scalar,static
22,S22-P025,twfe_scalar,static
22,S22-P026,twfe_scalar,static
22,S22-P027,twfe_scalar,static
22,S22-P028,twfe_scalar,static
22,S22-P029,twfe_scalar,static
22,S22-P030,twfe_scalar,static
22,S22-P031,twfe_scalar,static
22,S22-P032,twfe_scalar,static
22,S22-P033,twfe_scalar,static
22,S22-P034,twfe_scalar,static
22,S22-P035,twfe_scalar,static
22,S22-P036,twfe_scalar,static
22,S22-P037,twfe_scalar,static
22,S22-P038,twfe_scalar,static
22,S22-P039,twfe_scalar,static
22,S22-P040,twfe_scalar,static
22,S22-P041,twfe_scalar,static
22,S22-P042,twfe_scalar,static
22,S22-P043,twfe_scalar,static
22,S22-P044,twfe_scalar,static
22,S22-P045,twfe_scalar,static
22,S22-P046,twfe_scalar,static
22,S22-P047,twfe_scalar,static
22,S22-P048,twfe_scalar,static
22,S22-P049,twfe_scalar,static
22,S22-P050,twfe_scalar,static
22,S22-P051,twfe_scalar,static
22,S22-P052,twfe_scalar,static
22,S22-P053,twfe_scalar,static
22,S22-P054,twfe_scalar,static
22,S22-P055,twfe_scalar,static
22,S22-P056,twfe_scalar,static
22,S22-P057,twfe_scalar,static
22,S22-P058,twfe_scalar,static
22,S22-P059,twfe_scalar,static
22,S22-P060,twfe_scalar,static
22,S22-P061,twfe_scalar,static
22,S22-P062,twfe_scalar,static
22,S22-P063,twfe_scalar,static
22,S22-P064,twfe_scalar,static
22,S22-P065,twfe_scalar,static
22,S22-P066,twfe_scalar,static
22,S22-P067,twfe_scalar,static
22,S22-P068,twfe_scalar,static
22,S22-P069,twfe_scalar,static
22,S22-P070,twfe_scalar,static
22,S22-P071,twfe_scalar,static
22,S22-P072,twfe_scalar,static
22,S22-P073,twfe_scalar,static
22,S22-P074,twfe_scalar,static
22,S22-P075,twfe_scalar,static
22,S22-P076,twfe_scalar,static
22,S22-P077,twfe_scalar,static
22,S22-P078,twfe_scalar,static
22,S22-P079,twfe_scalar,static
22,S22-P080,twfe_scalar,static
22,S22-P081,twfe_scalar,static
22,S22-P082,twfe_scalar,static
22,S22-P083,twfe_scalar,static
22,S22-P084,twfe_scalar,static
22,S22-P085,twfe_scalar,static
22,S22-P086,twfe_scalar,static
22,S22-P087,twfe_scalar,static
22,S22-P088,twfe_scalar,static
22,S22-P089,twfe_scalar,static
22,S22-P090,twfe_scalar,static
