study_id,publication_year,color,draw_order_tiebreak
1,2017,#8A61A8,3
2,2017,#B5BD35,8
3,2017,#5C7C28,23
4,2018,#0072B2,1
5,2018,#264653,14
6,2018,#8C564B,21
7,2019,#D55E00,5
8,2020,#A95E00,11
9,2020,#56B4E9,19
10,2021,#009E73,6
11,2021,#B51F45,7
12,2021,#0F8A5F,12
13,2022,#E6679E,16
14,2022,#7A3E9D,17
15,2023,#8C2981,13
16,2023,#F09556,20
17,2023,#008F9C,24
18,2024,#332288,2
19,2024,#E63228,4
20,2024,#C49A00,9
21,2024,#203B9B,10
22,2024,#7F8FAD,22
23,2025,#2DB6A4,15
24,2025,#525252,18
