study_id,specification_id,source_specification_id,role,published_source_location,outcome_label,outcome_variable,treatment_label,unit_fixed_effects,time_fixed_effects,allowed_adjustments,published_weights,published_clustering,panel_structure,design,descriptive_metadata_status
1,S01-P001,CI-F4-A-DYNAMIC,active_comparison,,,,,,,,,,,,not_recorded_in_exported_source_metadata
1,S01-P002,CI-F4-B-DYNAMIC,active_comparison,,,,,,,,,,,,not_recorded_in_exported_source_metadata
1,S01-P003,CI-F4-C-DYNAMIC,active_comparison,,,,,,,,,,,,not_recorded_in_exported_source_metadata
1,S01-P004,CI-F4-D-DYNAMIC,active_comparison,,,,,,,,,,,,not_recorded_in_exported_source_metadata
1,S01-P005,CI-F4-E-DYNAMIC,active_comparison,,,,,,,,,,,,not_recorded_in_exported_source_metadata
1,S01-P006,CI-F4-F-DYNAMIC,active_comparison,,,,,,,,,,,,not_recorded_in_exported_source_metadata
1,S01-P007,CI-F4-G-DYNAMIC,active_comparison,,,,,,,,,,,,not_recorded_in_exported_source_metadata
1,S01-P008,CI-F4-H-DYNAMIC,active_comparison,,,,,,,,,,,,not_recorded_in_exported_source_metadata
1,S01-P009,CI-F4-I-DYNAMIC,active_comparison,,,,,,,,,,,,not_recorded_in_exported_source_metadata
1,S01-P010,CI-F4-J-DYNAMIC,active_comparison,,,,,,,,,,,,not_recorded_in_exported_source_metadata
1,S01-P011,CI-F4-K-DYNAMIC,active_comparison,,,,,,,,,,,,not_recorded_in_exported_source_metadata
1,S01-P012,CI-F4-L-DYNAMIC,active_comparison,,,,,,,,,,,,not_recorded_in_exported_source_metadata
1,S01-P013,CI-T3-A01-ORIG,active_comparison,"Table 3, panel A, row 1 (""Trust: central government""), accepted-manuscript p. 46",Trust: central government [Table 3 original scale],,New Curriculum indicator (newcurr),Province,High-school entry cohort,None,,Province x high-school-entry cohort (proXcoh),Student repeated cross-section; treatment assigned at province x high-school-entry-cohort,repeated_cross_section,recorded_source_fields
1,S01-P014,CI-T3-A02-ORIG,active_comparison,"Table 3, panel A, row 2 (""Trust: provincial government""), accepted-manuscript p. 46",Trust: provincial government [Table 3 original scale],,New Curriculum indicator (newcurr),Province,High-school entry cohort,None,,Province x high-school-entry cohort (proXcoh),Student repeated cross-section; treatment assigned at province x high-school-entry-cohort,repeated_cross_section,recorded_source_fields
1,S01-P015,CI-T3-A03-ORIG,active_comparison,"Table 3, panel A, row 3 (""Trust: local government""), accepted-manuscript p. 46",Trust: local government [Table 3 original scale],,New Curriculum indicator (newcurr),Province,High-school entry cohort,None,,Province x high-school-entry cohort (proXcoh),Student repeated cross-section; treatment assigned at province x high-school-entry-cohort,repeated_cross_section,recorded_source_fields
1,S01-P016,CI-T3-A04-ORIG,active_comparison,"Table 3, panel A, row 4 (""Trust: courts""), accepted-manuscript p. 46",Trust: courts [Table 3 original scale],,New Curriculum indicator (newcurr),Province,High-school entry cohort,None,,Province x high-school-entry cohort (proXcoh),Student repeated cross-section; treatment assigned at province x high-school-entry-cohort,repeated_cross_section,recorded_source_fields
1,S01-P017,CI-T3-A05-ORIG,active_comparison,"Table 3, panel A, row 5 (""Trust: armed forces""), accepted-manuscript p. 46",Trust: armed forces [Table 3 original scale],,New Curriculum indicator (newcurr),Province,High-school entry cohort,None,,Province x high-school-entry cohort (proXcoh),Student repeated cross-section; treatment assigned at province x high-school-entry-cohort,repeated_cross_section,recorded_source_fields
1,S01-P018,CI-T3-A06-ORIG,active_comparison,"Table 3, panel A, row 6 (""Trust: police""), accepted-manuscript p. 46",Trust: police [Table 3 original scale],,New Curriculum indicator (newcurr),Province,High-school entry cohort,None,,Province x high-school-entry cohort (proXcoh),Student repeated cross-section; treatment assigned at province x high-school-entry-cohort,repeated_cross_section,recorded_source_fields
1,S01-P019,CI-T3-A07-ORIG,active_comparison,"Table 3, panel A, row 7 (""Trust in government officials z-score index""), accepted-manuscript p. 46; exact duplicate also at Table 4, panel A, column 1, p. 48 and Table 5, panel A, column 1, p. 49",Trust in government officials z-score index [Table 3 original scale],,New Curriculum indicator (newcurr),Province,High-school entry cohort,None,,Province x high-school-entry cohort (proXcoh),Student repeated cross-section; treatment assigned at province x high-school-entry-cohort,repeated_cross_section,recorded_source_fields
1,S01-P020,CI-T3-A08-ORIG,active_comparison,"Table 3, panel A, row 8 (""Trust in non-governmental institutions z-score index (falsification)""), accepted-manuscript p. 46",Trust in non-governmental institutions z-score index (falsification) [Table 3 original scale],,New Curriculum indicator (newcurr),Province,High-school entry cohort,None,,Province x high-school-entry cohort (proXcoh),Student repeated cross-section; treatment assigned at province x high-school-entry-cohort,repeated_cross_section,recorded_source_fields
1,S01-P021,CI-T3-B01-ORIG,active_comparison,"Table 3, panel B, row 1 (""Village head is not self-interested""), accepted-manuscript p. 46",Village head is not self-interested [Table 3 original scale],,New Curriculum indicator (newcurr),Province,High-school entry cohort,None,,Province x high-school-entry cohort (proXcoh),Student repeated cross-section; treatment assigned at province x high-school-entry-cohort,repeated_cross_section,recorded_source_fields
1,S01-P022,CI-T3-B02-ORIG,active_comparison,"Table 3, panel B, row 2 (""Village head cares not only about rich and powerful""), accepted-manuscript p. 46",Village head cares not only about rich and powerful [Table 3 original scale],,New Curriculum indicator (newcurr),Province,High-school entry cohort,None,,Province x high-school-entry cohort (proXcoh),Student repeated cross-section; treatment assigned at province x high-school-entry-cohort,repeated_cross_section,recorded_source_fields
1,S01-P023,CI-T3-B03-ORIG,active_comparison,"Table 3, panel B, row 3 (""Bribes are not necessary: police""), accepted-manuscript p. 46",Bribes are not necessary: police [Table 3 original scale],,New Curriculum indicator (newcurr),Province,High-school entry cohort,None,,Province x high-school-entry cohort (proXcoh),Student repeated cross-section; treatment assigned at province x high-school-entry-cohort,repeated_cross_section,recorded_source_fields
1,S01-P024,CI-T3-B04-ORIG,active_comparison,"Table 3, panel B, row 4 (""Bribes are not necessary: documents""), accepted-manuscript p. 46",Bribes are not necessary: documents [Table 3 original scale],,New Curriculum indicator (newcurr),Province,High-school entry cohort,None,,Province x high-school-entry cohort (proXcoh),Student repeated cross-section; treatment assigned at province x high-school-entry-cohort,repeated_cross_section,recorded_source_fields
1,S01-P025,CI-T3-B05-ORIG,active_comparison,"Table 3, panel B, row 5 (""Bribes are not necessary: courts""), accepted-manuscript p. 46",Bribes are not necessary: courts [Table 3 original scale],,New Curriculum indicator (newcurr),Province,High-school entry cohort,None,,Province x high-school-entry cohort (proXcoh),Student repeated cross-section; treatment assigned at province x high-school-entry-cohort,repeated_cross_section,recorded_source_fields
1,S01-P026,CI-T3-B06-ORIG,active_comparison,"Table 3, panel B, row 6 (""Bribes are not necessary: education""), accepted-manuscript p. 46",Bribes are not necessary: education [Table 3 original scale],,New Curriculum indicator (newcurr),Province,High-school entry cohort,None,,Province x high-school-entry cohort (proXcoh),Student repeated cross-section; treatment assigned at province x high-school-entry-cohort,repeated_cross_section,recorded_source_fields
1,S01-P027,CI-T3-B07-ORIG,active_comparison,"Table 3, panel B, row 7 (""Bribes are not necessary: doctors""), accepted-manuscript p. 46",Bribes are not necessary: doctors [Table 3 original scale],,New Curriculum indicator (newcurr),Province,High-school entry cohort,None,,Province x high-school-entry cohort (proXcoh),Student repeated cross-section; treatment assigned at province x high-school-entry-cohort,repeated_cross_section,recorded_source_fields
1,S01-P028,CI-T3-B08-ORIG,active_comparison,"Table 3, panel B, row 8 (""Bribes are not acceptable""), accepted-manuscript p. 46",Bribes are not acceptable [Table 3 original scale],,New Curriculum indicator (newcurr),Province,High-school entry cohort,None,,Province x high-school-entry cohort (proXcoh),Student repeated cross-section; treatment assigned at province x high-school-entry-cohort,repeated_cross_section,recorded_source_fields
1,S01-P029,CI-T3-B09-ORIG,active_comparison,"Table 3, panel B, row 9 (""Bribes are not effective""), accepted-manuscript p. 46",Bribes are not effective [Table 3 original scale],,New Curriculum indicator (newcurr),Province,High-school entry cohort,None,,Province x high-school-entry cohort (proXcoh),Student repeated cross-section; treatment assigned at province x high-school-entry-cohort,repeated_cross_section,recorded_source_fields
1,S01-P030,CI-T3-B10-ORIG,active_comparison,"Table 3, panel B, row 10 (""Officials would not accept bribes""), accepted-manuscript p. 46",Officials would not accept bribes [Table 3 original scale],,New Curriculum indicator (newcurr),Province,High-school entry cohort,None,,Province x high-school-entry cohort (proXcoh),Student repeated cross-section; treatment assigned at province x high-school-entry-cohort,repeated_cross_section,recorded_source_fields
1,S01-P031,CI-T3-B11-ORIG,active_comparison,"Table 3, panel B, row 11 (""Bribery and civic-mindedness z-score index""), accepted-manuscript p. 46; exact duplicate also at Table 4, panel A, column 2, p. 48 and Table 5, panel A, column 2, p. 49",Bribery and civic-mindedness z-score index [Table 3 original scale],,New Curriculum indicator (newcurr),Province,High-school entry cohort,None,,Province x high-school-entry cohort (proXcoh),Student repeated cross-section; treatment assigned at province x high-school-entry-cohort,repeated_cross_section,recorded_source_fields
1,S01-P032,CI-T3-C01-ORIG,active_comparison,"Table 3, panel C, row 1 (""How democratic is China""), accepted-manuscript p. 46",How democratic is China [Table 3 original scale],,New Curriculum indicator (newcurr),Province,High-school entry cohort,None,,Province x high-school-entry cohort (proXcoh),Student repeated cross-section; treatment assigned at province x high-school-entry-cohort,repeated_cross_section,recorded_source_fields
1,S01-P033,CI-T3-C02-ORIG,active_comparison,"Table 3, panel C, row 2 (""People can influence elections""), accepted-manuscript p. 46",People can influence elections [Table 3 original scale],,New Curriculum indicator (newcurr),Province,High-school entry cohort,None,,Province x high-school-entry cohort (proXcoh),Student repeated cross-section; treatment assigned at province x high-school-entry-cohort,repeated_cross_section,recorded_source_fields
1,S01-P034,CI-T3-C03-ORIG,active_comparison,"Table 3, panel C, row 3 (""Perception of Chinese democracy z-score index""), accepted-manuscript p. 46; exact duplicate also at Table 4, panel A, column 3, p. 48 and Table 5, panel A, column 3, p. 49",Perception of Chinese democracy z-score index [Table 3 original scale],,New Curriculum indicator (newcurr),Province,High-school entry cohort,None,,Province x high-school-entry cohort (proXcoh),Student repeated cross-section; treatment assigned at province x high-school-entry-cohort,repeated_cross_section,recorded_source_fields
1,S01-P035,CI-T3-D01-ORIG,active_comparison,"Table 3, panel D, row 1 (""People cannot judge village head""), accepted-manuscript p. 46",People cannot judge village head [Table 3 original scale],,New Curriculum indicator (newcurr),Province,High-school entry cohort,None,,Province x high-school-entry cohort (proXcoh),Student repeated cross-section; treatment assigned at province x high-school-entry-cohort,repeated_cross_section,recorded_source_fields
1,S01-P036,CI-T3-D02-ORIG,active_comparison,"Table 3, panel D, row 2 (""People should not influence elections""), accepted-manuscript p. 46",People should not influence elections [Table 3 original scale],,New Curriculum indicator (newcurr),Province,High-school entry cohort,None,,Province x high-school-entry cohort (proXcoh),Student repeated cross-section; treatment assigned at province x high-school-entry-cohort,repeated_cross_section,recorded_source_fields
1,S01-P037,CI-T3-D03-ORIG,active_comparison,"Table 3, panel D, row 3 (""People do not know better leaders""), accepted-manuscript p. 46",People do not know better leaders [Table 3 original scale],,New Curriculum indicator (newcurr),Province,High-school entry cohort,None,,Province x high-school-entry cohort (proXcoh),Student repeated cross-section; treatment assigned at province x high-school-entry-cohort,repeated_cross_section,recorded_source_fields
1,S01-P038,CI-T3-D04-ORIG,active_comparison,"Table 3, panel D, row 4 (""Democracy is not always preferable""), accepted-manuscript p. 46",Democracy is not always preferable [Table 3 original scale],,New Curriculum indicator (newcurr),Province,High-school entry cohort,None,,Province x high-school-entry cohort (proXcoh),Student repeated cross-section; treatment assigned at province x high-school-entry-cohort,repeated_cross_section,recorded_source_fields
1,S01-P039,CI-T3-D05-ORIG,active_comparison,"Table 3, panel D, row 5 (""China is not suitable for democracy""), accepted-manuscript p. 46",China is not suitable for democracy [Table 3 original scale],,New Curriculum indicator (newcurr),Province,High-school entry cohort,None,,Province x high-school-entry cohort (proXcoh),Student repeated cross-section; treatment assigned at province x high-school-entry-cohort,repeated_cross_section,recorded_source_fields
1,S01-P040,CI-T3-D06-ORIG,active_comparison,"Table 3, panel D, row 6 (""Wisdom of the masses z-score index""), accepted-manuscript p. 46; exact duplicate also at Table 4, panel A, column 4, p. 48 and Table 5, panel A, column 4, p. 49",Wisdom of the masses z-score index [Table 3 original scale],,New Curriculum indicator (newcurr),Province,High-school entry cohort,None,,Province x high-school-entry cohort (proXcoh),Student repeated cross-section; treatment assigned at province x high-school-entry-cohort,repeated_cross_section,recorded_source_fields
1,S01-P041,CI-T3-E01-ORIG,active_comparison,"Table 3, panel E, row 1 (""Participation is key for democracy""), accepted-manuscript p. 46; exact duplicate also at Table 4, panel A, column 5, p. 48 and Table 5, panel A, column 5, p. 49",Participation is key for democracy [Table 3 original scale],,New Curriculum indicator (newcurr),Province,High-school entry cohort,None,,Province x high-school-entry cohort (proXcoh),Student repeated cross-section; treatment assigned at province x high-school-entry-cohort,repeated_cross_section,recorded_source_fields
1,S01-P042,CI-T3-F01-ORIG,active_comparison,"Table 3, panel F, row 1 (""Skeptical of markets""), accepted-manuscript p. 46; exact duplicate also at Table 4, panel A, column 6, p. 48 and Table 5, panel A, column 6, p. 49",Skeptical of markets [Table 3 original scale],,New Curriculum indicator (newcurr),Province,High-school entry cohort,None,,Province x high-school-entry cohort (proXcoh),Student repeated cross-section; treatment assigned at province x high-school-entry-cohort,repeated_cross_section,recorded_source_fields
1,S01-P043,CI-T3-G01-ORIG,active_comparison,"Table 3, panel G, row 1 (""Trust toward minorities""), accepted-manuscript p. 47",Trust toward minorities [Table 3 original scale],,New Curriculum indicator (newcurr),Province,High-school entry cohort,None,,Province x high-school-entry cohort (proXcoh),Student repeated cross-section; treatment assigned at province x high-school-entry-cohort,repeated_cross_section,recorded_source_fields
1,S01-P044,CI-T3-G02-ORIG,active_comparison,"Table 3, panel G, row 2 (""Han and minorities are similar""), accepted-manuscript p. 47",Han and minorities are similar [Table 3 original scale],,New Curriculum indicator (newcurr),Province,High-school entry cohort,None,,Province x high-school-entry cohort (proXcoh),Student repeated cross-section; treatment assigned at province x high-school-entry-cohort,repeated_cross_section,recorded_source_fields
1,S01-P045,CI-T3-G03-ORIG,active_comparison,"Table 3, panel G, row 3 (""Han and minorities share heritage""), accepted-manuscript p. 47",Han and minorities share heritage [Table 3 original scale],,New Curriculum indicator (newcurr),Province,High-school entry cohort,None,,Province x high-school-entry cohort (proXcoh),Student repeated cross-section; treatment assigned at province x high-school-entry-cohort,repeated_cross_section,recorded_source_fields
1,S01-P046,CI-T3-G04-ORIG,active_comparison,"Table 3, panel G, row 4 (""Willing to marry minority""), accepted-manuscript p. 47",Willing to marry minority [Table 3 original scale],,New Curriculum indicator (newcurr),Province,High-school entry cohort,None,,Province x high-school-entry cohort (proXcoh),Student repeated cross-section; treatment assigned at province x high-school-entry-cohort,repeated_cross_section,recorded_source_fields
1,S01-P047,CI-T3-G05-ORIG,active_comparison,"Table 3, panel G, row 5 (""Ethnic identity z-score index""), accepted-manuscript p. 47; exact duplicate also at Table 4, panel A, column 7, p. 48 and Table 5, panel A, column 7, p. 49",Ethnic identity z-score index [Table 3 original scale],,New Curriculum indicator (newcurr),Province,High-school entry cohort,None,,Province x high-school-entry cohort (proXcoh),Student repeated cross-section; treatment assigned at province x high-school-entry-cohort,repeated_cross_section,recorded_source_fields
1,S01-P048,CI-T3-H01-ORIG,active_comparison,"Table 3, panel H, row 1 (""Identity: Chinese""), accepted-manuscript p. 47; exact duplicate also at Table 4, panel A, column 8, p. 48 and Table 5, panel A, column 8, p. 49",Identity: Chinese [Table 3 original scale],,New Curriculum indicator (newcurr),Province,High-school entry cohort,None,,Province x high-school-entry cohort (proXcoh),Student repeated cross-section; treatment assigned at province x high-school-entry-cohort,repeated_cross_section,recorded_source_fields
1,S01-P049,CI-T3-I01-ORIG,active_comparison,"Table 3, panel I, row 1 (""Support environment spending""), accepted-manuscript p. 47",Support environment spending [Table 3 original scale],,New Curriculum indicator (newcurr),Province,High-school entry cohort,None,,Province x high-school-entry cohort (proXcoh),Student repeated cross-section; treatment assigned at province x high-school-entry-cohort,repeated_cross_section,recorded_source_fields
1,S01-P050,CI-T3-I02-ORIG,active_comparison,"Table 3, panel I, row 2 (""Environment as policy priority""), accepted-manuscript p. 47",Environment as policy priority [Table 3 original scale],,New Curriculum indicator (newcurr),Province,High-school entry cohort,None,,Province x high-school-entry cohort (proXcoh),Student repeated cross-section; treatment assigned at province x high-school-entry-cohort,repeated_cross_section,recorded_source_fields
1,S01-P051,CI-T3-I03-ORIG,active_comparison,"Table 3, panel I, row 3 (""Environment versus growth""), accepted-manuscript p. 47",Environment versus growth [Table 3 original scale],,New Curriculum indicator (newcurr),Province,High-school entry cohort,None,,Province x high-school-entry cohort (proXcoh),Student repeated cross-section; treatment assigned at province x high-school-entry-cohort,repeated_cross_section,recorded_source_fields
1,S01-P052,CI-T3-I04-ORIG,active_comparison,"Table 3, panel I, row 4 (""Attitudes about environment z-score index""), accepted-manuscript p. 47; exact duplicate also at Table 4, panel A, column 9, p. 48 and Table 5, panel A, column 9, p. 49",Attitudes about environment z-score index [Table 3 original scale],,New Curriculum indicator (newcurr),Province,High-school entry cohort,None,,Province x high-school-entry cohort (proXcoh),Student repeated cross-section; treatment assigned at province x high-school-entry-cohort,repeated_cross_section,recorded_source_fields
1,S01-P053,CI-T3-J01-ORIG,active_comparison,"Table 3, panel J, row 1 (""Voted for local People's Congress representative in the past""), accepted-manuscript p. 47",Voted for local People's Congress representative in the past [Table 3 original scale],,New Curriculum indicator (newcurr),Province,High-school entry cohort,None,,Province x high-school-entry cohort (proXcoh),Student repeated cross-section; treatment assigned at province x high-school-entry-cohort,repeated_cross_section,recorded_source_fields
1,S01-P054,CI-T3-J02-ORIG,active_comparison,"Table 3, panel J, row 2 (""Plan to vote for local People's Congress representative""), accepted-manuscript p. 47",Plan to vote for local People's Congress representative [Table 3 original scale],,New Curriculum indicator (newcurr),Province,High-school entry cohort,None,,Province x high-school-entry cohort (proXcoh),Student repeated cross-section; treatment assigned at province x high-school-entry-cohort,repeated_cross_section,recorded_source_fields
1,S01-P055,CI-T3-J03-ORIG,active_comparison,"Table 3, panel J, row 3 (""Member of Chinese Communist Party""), accepted-manuscript p. 47",Member of Chinese Communist Party [Table 3 original scale],,New Curriculum indicator (newcurr),Province,High-school entry cohort,None,,Province x high-school-entry cohort (proXcoh),Student repeated cross-section; treatment assigned at province x high-school-entry-cohort,repeated_cross_section,recorded_source_fields
1,S01-P056,CI-T3-J04-ORIG,active_comparison,"Table 3, panel J, row 4 (""Participation in political groups""), accepted-manuscript p. 47",Participation in political groups [Table 3 original scale],,New Curriculum indicator (newcurr),Province,High-school entry cohort,None,,Province x high-school-entry cohort (proXcoh),Student repeated cross-section; treatment assigned at province x high-school-entry-cohort,repeated_cross_section,recorded_source_fields
1,S01-P057,CI-T3-J05-ORIG,active_comparison,"Table 3, panel J, row 5 (""Political behavior z-score index""), accepted-manuscript p. 47; exact duplicate also at Table 4, panel A, column 10, p. 48 and Table 5, panel A, column 10, p. 49",Political behavior z-score index [Table 3 original scale],,New Curriculum indicator (newcurr),Province,High-school entry cohort,None,,Province x high-school-entry cohort (proXcoh),Student repeated cross-section; treatment assigned at province x high-school-entry-cohort,repeated_cross_section,recorded_source_fields
1,S01-P058,CI-T3-K01-ORIG,active_comparison,"Table 3, panel K, row 1 (""Not invested in stocks""), accepted-manuscript p. 47",Not invested in stocks [Table 3 original scale],,New Curriculum indicator (newcurr),Province,High-school entry cohort,None,,Province x high-school-entry cohort (proXcoh),Student repeated cross-section; treatment assigned at province x high-school-entry-cohort,repeated_cross_section,recorded_source_fields
1,S01-P059,CI-T3-K02-ORIG,active_comparison,"Table 3, panel K, row 2 (""Not invested in bonds""), accepted-manuscript p. 47",Not invested in bonds [Table 3 original scale],,New Curriculum indicator (newcurr),Province,High-school entry cohort,None,,Province x high-school-entry cohort (proXcoh),Student repeated cross-section; treatment assigned at province x high-school-entry-cohort,repeated_cross_section,recorded_source_fields
1,S01-P060,CI-T3-K03-ORIG,active_comparison,"Table 3, panel K, row 3 (""Avoiding risky investment z-score index""), accepted-manuscript p. 47; exact duplicate also at Table 4, panel A, column 11, p. 48 and Table 5, panel A, column 11, p. 49",Avoiding risky investment z-score index [Table 3 original scale],,New Curriculum indicator (newcurr),Province,High-school entry cohort,None,,Province x high-school-entry cohort (proXcoh),Student repeated cross-section; treatment assigned at province x high-school-entry-cohort,repeated_cross_section,recorded_source_fields
1,S01-P061,CI-T3-L01-ORIG,active_comparison,"Table 3, panel L, row 1 (""Cooperated with minority""), accepted-manuscript p. 47; exact duplicate also at Table 4, panel A, column 12, p. 48 and Table 5, panel A, column 12, p. 49",Cooperated with minority [Table 3 original scale],,New Curriculum indicator (newcurr),Province,High-school entry cohort,None,,Province x high-school-entry cohort (proXcoh),Student repeated cross-section; treatment assigned at province x high-school-entry-cohort,repeated_cross_section,recorded_source_fields
1,S01-P062,CI-T5-B-C01,active_comparison,"Table 5, panel B, column 1 (""Trust in government officials""), accepted-manuscript p. 49",Trust in government officials z-score index [follow-up survey sample],,New Curriculum indicator (newcurr),Province,High-school entry cohort,None,,Province x high-school-entry cohort (proXcoh),Student repeated cross-section; treatment assigned at province x high-school-entry-cohort,repeated_cross_section,recorded_source_fields
1,S01-P063,CI-T5-B-C02,active_comparison,"Table 5, panel B, column 2 (""Bribery and civic-mindedness""), accepted-manuscript p. 49",Bribery and civic-mindedness z-score index [follow-up survey sample],,New Curriculum indicator (newcurr),Province,High-school entry cohort,None,,Province x high-school-entry cohort (proXcoh),Student repeated cross-section; treatment assigned at province x high-school-entry-cohort,repeated_cross_section,recorded_source_fields
1,S01-P064,CI-T5-B-C03,active_comparison,"Table 5, panel B, column 3 (""Perception of Chinese democracy""), accepted-manuscript p. 49",Perception of Chinese democracy z-score index [follow-up survey sample],,New Curriculum indicator (newcurr),Province,High-school entry cohort,None,,Province x high-school-entry cohort (proXcoh),Student repeated cross-section; treatment assigned at province x high-school-entry-cohort,repeated_cross_section,recorded_source_fields
1,S01-P065,CI-T5-B-C04,active_comparison,"Table 5, panel B, column 4 (""Wisdom of the masses""), accepted-manuscript p. 49",Wisdom of the masses z-score index [follow-up survey sample],,New Curriculum indicator (newcurr),Province,High-school entry cohort,None,,Province x high-school-entry cohort (proXcoh),Student repeated cross-section; treatment assigned at province x high-school-entry-cohort,repeated_cross_section,recorded_source_fields
1,S01-P066,CI-T5-B-C05,active_comparison,"Table 5, panel B, column 5 (""Characteristics of democracy""), accepted-manuscript p. 49",Participation is key for democracy [follow-up survey sample],,New Curriculum indicator (newcurr),Province,High-school entry cohort,None,,Province x high-school-entry cohort (proXcoh),Student repeated cross-section; treatment assigned at province x high-school-entry-cohort,repeated_cross_section,recorded_source_fields
1,S01-P067,CI-T5-B-C06,active_comparison,"Table 5, panel B, column 6 (""Skeptical of markets""), accepted-manuscript p. 49",Skeptical of markets [follow-up survey sample],,New Curriculum indicator (newcurr),Province,High-school entry cohort,None,,Province x high-school-entry cohort (proXcoh),Student repeated cross-section; treatment assigned at province x high-school-entry-cohort,repeated_cross_section,recorded_source_fields
1,S01-P068,CI-T5-B-C07,active_comparison,"Table 5, panel B, column 7 (""Ethnic identity""), accepted-manuscript p. 49",Ethnic identity z-score index [follow-up survey sample],,New Curriculum indicator (newcurr),Province,High-school entry cohort,None,,Province x high-school-entry cohort (proXcoh),Student repeated cross-section; treatment assigned at province x high-school-entry-cohort,repeated_cross_section,recorded_source_fields
1,S01-P069,CI-T5-B-C08,active_comparison,"Table 5, panel B, column 8 (""National identity""), accepted-manuscript p. 49",Identity: Chinese [follow-up survey sample],,New Curriculum indicator (newcurr),Province,High-school entry cohort,None,,Province x high-school-entry cohort (proXcoh),Student repeated cross-section; treatment assigned at province x high-school-entry-cohort,repeated_cross_section,recorded_source_fields
1,S01-P070,CI-T5-B-C09,active_comparison,"Table 5, panel B, column 9 (""Attitudes about environment""), accepted-manuscript p. 49",Attitudes about environment z-score index [follow-up survey sample],,New Curriculum indicator (newcurr),Province,High-school entry cohort,None,,Province x high-school-entry cohort (proXcoh),Student repeated cross-section; treatment assigned at province x high-school-entry-cohort,repeated_cross_section,recorded_source_fields
1,S01-P071,CI-T5-B-C10,active_comparison,"Table 5, panel B, column 10 (""Political behavior""), accepted-manuscript p. 49",Political behavior z-score index [follow-up survey sample],,New Curriculum indicator (newcurr),Province,High-school entry cohort,None,,Province x high-school-entry cohort (proXcoh),Student repeated cross-section; treatment assigned at province x high-school-entry-cohort,repeated_cross_section,recorded_source_fields
1,S01-P072,CI-T5-B-C11,active_comparison,"Table 5, panel B, column 11 (""Avoiding risky investment""), accepted-manuscript p. 49",Avoiding risky investment z-score index [follow-up survey sample],,New Curriculum indicator (newcurr),Province,High-school entry cohort,None,,Province x high-school-entry cohort (proXcoh),Student repeated cross-section; treatment assigned at province x high-school-entry-cohort,repeated_cross_section,recorded_source_fields
1,S01-P073,CI-T5-B-C12,active_comparison,"Table 5, panel B, column 12 (""Cooperation with minority""), accepted-manuscript p. 49",Cooperated with minority [follow-up survey sample],,New Curriculum indicator (newcurr),Province,High-school entry cohort,None,,Province x high-school-entry cohort (proXcoh),Student repeated cross-section; treatment assigned at province x high-school-entry-cohort,repeated_cross_section,recorded_source_fields
1,S01-P074,CI-T5-C-C01,active_comparison,"Table 5, panel C, column 1 (""Trust in government officials""), accepted-manuscript p. 49",Trust in government officials z-score index [science-track students only],,New Curriculum indicator (newcurr),Province,High-school entry cohort,None,,Province x high-school-entry cohort (proXcoh),Student repeated cross-section; treatment assigned at province x high-school-entry-cohort,repeated_cross_section,recorded_source_fields
1,S01-P075,CI-T5-C-C02,active_comparison,"Table 5, panel C, column 2 (""Bribery and civic-mindedness""), accepted-manuscript p. 49",Bribery and civic-mindedness z-score index [science-track students only],,New Curriculum indicator (newcurr),Province,High-school entry cohort,None,,Province x high-school-entry cohort (proXcoh),Student repeated cross-section; treatment assigned at province x high-school-entry-cohort,repeated_cross_section,recorded_source_fields
1,S01-P076,CI-T5-C-C03,active_comparison,"Table 5, panel C, column 3 (""Perception of Chinese democracy""), accepted-manuscript p. 49",Perception of Chinese democracy z-score index [science-track students only],,New Curriculum indicator (newcurr),Province,High-school entry cohort,None,,Province x high-school-entry cohort (proXcoh),Student repeated cross-section; treatment assigned at province x high-school-entry-cohort,repeated_cross_section,recorded_source_fields
1,S01-P077,CI-T5-C-C04,active_comparison,"Table 5, panel C, column 4 (""Wisdom of the masses""), accepted-manuscript p. 49",Wisdom of the masses z-score index [science-track students only],,New Curriculum indicator (newcurr),Province,High-school entry cohort,None,,Province x high-school-entry cohort (proXcoh),Student repeated cross-section; treatment assigned at province x high-school-entry-cohort,repeated_cross_section,recorded_source_fields
1,S01-P078,CI-T5-C-C05,active_comparison,"Table 5, panel C, column 5 (""Characteristics of democracy""), accepted-manuscript p. 49",Participation is key for democracy [science-track students only],,New Curriculum indicator (newcurr),Province,High-school entry cohort,None,,Province x high-school-entry cohort (proXcoh),Student repeated cross-section; treatment assigned at province x high-school-entry-cohort,repeated_cross_section,recorded_source_fields
1,S01-P079,CI-T5-C-C06,active_comparison,"Table 5, panel C, column 6 (""Skeptical of markets""), accepted-manuscript p. 49",Skeptical of markets [science-track students only],,New Curriculum indicator (newcurr),Province,High-school entry cohort,None,,Province x high-school-entry cohort (proXcoh),Student repeated cross-section; treatment assigned at province x high-school-entry-cohort,repeated_cross_section,recorded_source_fields
1,S01-P080,CI-T5-C-C07,active_comparison,"Table 5, panel C, column 7 (""Ethnic identity""), accepted-manuscript p. 49",Ethnic identity z-score index [science-track students only],,New Curriculum indicator (newcurr),Province,High-school entry cohort,None,,Province x high-school-entry cohort (proXcoh),Student repeated cross-section; treatment assigned at province x high-school-entry-cohort,repeated_cross_section,recorded_source_fields
1,S01-P081,CI-T5-C-C08,active_comparison,"Table 5, panel C, column 8 (""National identity""), accepted-manuscript p. 49",Identity: Chinese [science-track students only],,New Curriculum indicator (newcurr),Province,High-school entry cohort,None,,Province x high-school-entry cohort (proXcoh),Student repeated cross-section; treatment assigned at province x high-school-entry-cohort,repeated_cross_section,recorded_source_fields
1,S01-P082,CI-T5-C-C09,active_comparison,"Table 5, panel C, column 9 (""Attitudes about environment""), accepted-manuscript p. 49",Attitudes about environment z-score index [science-track students only],,New Curriculum indicator (newcurr),Province,High-school entry cohort,None,,Province x high-school-entry cohort (proXcoh),Student repeated cross-section; treatment assigned at province x high-school-entry-cohort,repeated_cross_section,recorded_source_fields
1,S01-P083,CI-T5-C-C10,active_comparison,"Table 5, panel C, column 10 (""Political behavior""), accepted-manuscript p. 49",Political behavior z-score index [science-track students only],,New Curriculum indicator (newcurr),Province,High-school entry cohort,None,,Province x high-school-entry cohort (proXcoh),Student repeated cross-section; treatment assigned at province x high-school-entry-cohort,repeated_cross_section,recorded_source_fields
1,S01-P084,CI-T5-C-C11,active_comparison,"Table 5, panel C, column 11 (""Avoiding risky investment""), accepted-manuscript p. 49",Avoiding risky investment z-score index [science-track students only],,New Curriculum indicator (newcurr),Province,High-school entry cohort,None,,Province x high-school-entry cohort (proXcoh),Student repeated cross-section; treatment assigned at province x high-school-entry-cohort,repeated_cross_section,recorded_source_fields
1,S01-P085,CI-T5-C-C12,active_comparison,"Table 5, panel C, column 12 (""Cooperation with minority""), accepted-manuscript p. 49",Cooperated with minority [science-track students only],,New Curriculum indicator (newcurr),Province,High-school entry cohort,None,,Province x high-school-entry cohort (proXcoh),Student repeated cross-section; treatment assigned at province x high-school-entry-cohort,repeated_cross_section,recorded_source_fields
1,S01-P086,CI-T5-D-C01,active_comparison,"Table 5, panel D, column 1 (""Trust in government officials""), accepted-manuscript p. 49",Trust in government officials z-score index [humanities-track students only],,New Curriculum indicator (newcurr),Province,High-school entry cohort,None,,Province x high-school-entry cohort (proXcoh),Student repeated cross-section; treatment assigned at province x high-school-entry-cohort,repeated_cross_section,recorded_source_fields
1,S01-P087,CI-T5-D-C02,active_comparison,"Table 5, panel D, column 2 (""Bribery and civic-mindedness""), accepted-manuscript p. 49",Bribery and civic-mindedness z-score index [humanities-track students only],,New Curriculum indicator (newcurr),Province,High-school entry cohort,None,,Province x high-school-entry cohort (proXcoh),Student repeated cross-section; treatment assigned at province x high-school-entry-cohort,repeated_cross_section,recorded_source_fields
1,S01-P088,CI-T5-D-C03,active_comparison,"Table 5, panel D, column 3 (""Perception of Chinese democracy""), accepted-manuscript p. 49",Perception of Chinese democracy z-score index [humanities-track students only],,New Curriculum indicator (newcurr),Province,High-school entry cohort,None,,Province x high-school-entry cohort (proXcoh),Student repeated cross-section; treatment assigned at province x high-school-entry-cohort,repeated_cross_section,recorded_source_fields
1,S01-P089,CI-T5-D-C04,active_comparison,"Table 5, panel D, column 4 (""Wisdom of the masses""), accepted-manuscript p. 49",Wisdom of the masses z-score index [humanities-track students only],,New Curriculum indicator (newcurr),Province,High-school entry cohort,None,,Province x high-school-entry cohort (proXcoh),Student repeated cross-section; treatment assigned at province x high-school-entry-cohort,repeated_cross_section,recorded_source_fields
1,S01-P090,CI-T5-D-C05,active_comparison,"Table 5, panel D, column 5 (""Characteristics of democracy""), accepted-manuscript p. 49",Participation is key for democracy [humanities-track students only],,New Curriculum indicator (newcurr),Province,High-school entry cohort,None,,Province x high-school-entry cohort (proXcoh),Student repeated cross-section; treatment assigned at province x high-school-entry-cohort,repeated_cross_section,recorded_source_fields
1,S01-P091,CI-T5-D-C06,active_comparison,"Table 5, panel D, column 6 (""Skeptical of markets""), accepted-manuscript p. 49",Skeptical of markets [humanities-track students only],,New Curriculum indicator (newcurr),Province,High-school entry cohort,None,,Province x high-school-entry cohort (proXcoh),Student repeated cross-section; treatment assigned at province x high-school-entry-cohort,repeated_cross_section,recorded_source_fields
1,S01-P092,CI-T5-D-C07,active_comparison,"Table 5, panel D, column 7 (""Ethnic identity""), accepted-manuscript p. 49",Ethnic identity z-score index [humanities-track students only],,New Curriculum indicator (newcurr),Province,High-school entry cohort,None,,Province x high-school-entry cohort (proXcoh),Student repeated cross-section; treatment assigned at province x high-school-entry-cohort,repeated_cross_section,recorded_source_fields
1,S01-P093,CI-T5-D-C08,active_comparison,"Table 5, panel D, column 8 (""National identity""), accepted-manuscript p. 49",Identity: Chinese [humanities-track students only],,New Curriculum indicator (newcurr),Province,High-school entry cohort,None,,Province x high-school-entry cohort (proXcoh),Student repeated cross-section; treatment assigned at province x high-school-entry-cohort,repeated_cross_section,recorded_source_fields
1,S01-P094,CI-T5-D-C09,active_comparison,"Table 5, panel D, column 9 (""Attitudes about environment""), accepted-manuscript p. 49",Attitudes about environment z-score index [humanities-track students only],,New Curriculum indicator (newcurr),Province,High-school entry cohort,None,,Province x high-school-entry cohort (proXcoh),Student repeated cross-section; treatment assigned at province x high-school-entry-cohort,repeated_cross_section,recorded_source_fields
1,S01-P095,CI-T5-D-C10,active_comparison,"Table 5, panel D, column 10 (""Political behavior""), accepted-manuscript p. 49",Political behavior z-score index [humanities-track students only],,New Curriculum indicator (newcurr),Province,High-school entry cohort,None,,Province x high-school-entry cohort (proXcoh),Student repeated cross-section; treatment assigned at province x high-school-entry-cohort,repeated_cross_section,recorded_source_fields
1,S01-P096,CI-T5-D-C11,active_comparison,"Table 5, panel D, column 11 (""Avoiding risky investment""), accepted-manuscript p. 49",Avoiding risky investment z-score index [humanities-track students only],,New Curriculum indicator (newcurr),Province,High-school entry cohort,None,,Province x high-school-entry cohort (proXcoh),Student repeated cross-section; treatment assigned at province x high-school-entry-cohort,repeated_cross_section,recorded_source_fields
1,S01-P097,CI-T5-D-C12,active_comparison,"Table 5, panel D, column 12 (""Cooperation with minority""), accepted-manuscript p. 49",Cooperated with minority [humanities-track students only],,New Curriculum indicator (newcurr),Province,High-school entry cohort,None,,Province x high-school-entry cohort (proXcoh),Student repeated cross-section; treatment assigned at province x high-school-entry-cohort,repeated_cross_section,recorded_source_fields
1,S01-P098,CI-T6-C01,active_comparison,"Table 6, column 1 (""Identified new-curriculum textbook cover""), accepted-manuscript p. 50",Identified new-curriculum textbook cover,,New Curriculum indicator (newcurr),Province,High-school entry cohort,None,,Province x high-school-entry cohort (proXcoh),Student repeated cross-section; treatment assigned at province x high-school-entry-cohort,repeated_cross_section,recorded_source_fields
1,S01-P099,CI-T6-C02,active_comparison,"Table 6, column 2 (""Aware: village head elected""), accepted-manuscript p. 50",Aware: village head elected,,New Curriculum indicator (newcurr),Province,High-school entry cohort,None,,Province x high-school-entry cohort (proXcoh),Student repeated cross-section; treatment assigned at province x high-school-entry-cohort,repeated_cross_section,recorded_source_fields
1,S01-P100,CI-T6-C03,active_comparison,"Table 6, column 3 (""Aware: able to vote for local People's Congress representative""), accepted-manuscript p. 50",Aware: able to vote for local People's Congress representative,,New Curriculum indicator (newcurr),Province,High-school entry cohort,None,,Province x high-school-entry cohort (proXcoh),Student repeated cross-section; treatment assigned at province x high-school-entry-cohort,repeated_cross_section,recorded_source_fields
1,S01-P101,CI-T6-C04,active_comparison,"Table 6, column 4 (""Factual political knowledge z-score index""), accepted-manuscript p. 50",Factual political knowledge z-score index,,New Curriculum indicator (newcurr),Province,High-school entry cohort,None,,Province x high-school-entry cohort (proXcoh),Student repeated cross-section; treatment assigned at province x high-school-entry-cohort,repeated_cross_section,recorded_source_fields
1,S01-P102,CI-T6-C05,active_comparison,"Table 6, column 5 (""Teaching style z-score index""), accepted-manuscript p. 50",Teaching style z-score index,,New Curriculum indicator (newcurr),Province,High-school entry cohort,None,,Province x high-school-entry cohort (proXcoh),Student repeated cross-section; treatment assigned at province x high-school-entry-cohort,repeated_cross_section,recorded_source_fields
1,S01-P103,CI-T6-C06,active_comparison,"Table 6, column 6 (""Teaching focused on gaokao""), accepted-manuscript p. 50",Teaching focused on gaokao,,New Curriculum indicator (newcurr),Province,High-school entry cohort,None,,Province x high-school-entry cohort (proXcoh),Student repeated cross-section; treatment assigned at province x high-school-entry-cohort,repeated_cross_section,recorded_source_fields
2,S02-P001,AM005-P2587-T2-CAPEX-ACTUAL,active_comparison,,,,,,,,,,,,not_recorded_in_exported_source_metadata
2,S02-P002,AM005-P2587-T2-CAPEX-NOOV-M1,active_comparison,,,,,,,,,,,,not_recorded_in_exported_source_metadata
2,S02-P003,AM005-P2587-T2-CAPEX-NOOV-M4M1,active_comparison,,,,,,,,,,,,not_recorded_in_exported_source_metadata
2,S02-P004,AM005-P2587-T2-CAPEX-QP-M1,active_comparison,,,,,,,,,,,,not_recorded_in_exported_source_metadata
2,S02-P005,AM005-P2587-T2-CAPEX-QP-M4,active_comparison,,,,,,,,,,,,not_recorded_in_exported_source_metadata
2,S02-P006,AM005-P2587-T2-DEMP-ACTUAL,active_comparison,,,,,,,,,,,,not_recorded_in_exported_source_metadata
2,S02-P007,AM005-P2587-T2-DEMP-NOOV-M1,active_comparison,,,,,,,,,,,,not_recorded_in_exported_source_metadata
2,S02-P008,AM005-P2587-T2-DEMP-NOOV-M4M1,active_comparison,,,,,,,,,,,,not_recorded_in_exported_source_metadata
2,S02-P009,AM005-P2587-T2-DEMP-QP-M1,active_comparison,,,,,,,,,,,,not_recorded_in_exported_source_metadata
2,S02-P010,AM005-P2587-T2-DEMP-QP-M4,active_comparison,,,,,,,,,,,,not_recorded_in_exported_source_metadata
2,S02-P011,AM005-P2587-T2-DSALES-ACTUAL,active_comparison,,,,,,,,,,,,not_recorded_in_exported_source_metadata
2,S02-P012,AM005-P2587-T2-DSALES-NOOV-M1,active_comparison,,,,,,,,,,,,not_recorded_in_exported_source_metadata
2,S02-P013,AM005-P2587-T2-DSALES-NOOV-M4M1,active_comparison,,,,,,,,,,,,not_recorded_in_exported_source_metadata
2,S02-P014,AM005-P2587-T2-DSALES-QP-M1,active_comparison,,,,,,,,,,,,not_recorded_in_exported_source_metadata
2,S02-P015,AM005-P2587-T2-DSALES-QP-M4,active_comparison,,,,,,,,,,,,not_recorded_in_exported_source_metadata
2,S02-P016,AM005-P2587-T2-RD-ACTUAL,active_comparison,,,,,,,,,,,,not_recorded_in_exported_source_metadata
2,S02-P017,AM005-P2587-T2-RD-NOOV-M1,active_comparison,,,,,,,,,,,,not_recorded_in_exported_source_metadata
2,S02-P018,AM005-P2587-T2-RD-NOOV-M4M1,active_comparison,,,,,,,,,,,,not_recorded_in_exported_source_metadata
2,S02-P019,AM005-P2587-T2-RD-QP-M1,active_comparison,,,,,,,,,,,,not_recorded_in_exported_source_metadata
2,S02-P020,AM005-P2587-T2-RD-QP-M4,active_comparison,,,,,,,,,,,,not_recorded_in_exported_source_metadata
2,S02-P021,AM005-P2587-T3-R3-NOTEXAS,active_comparison,,,,,,,,,,,,not_recorded_in_exported_source_metadata
3,S03-P001,PP-REPLY-T1-PA-ALL-CHGEMP,active_comparison,,,,,,,,,,,,not_recorded_in_exported_source_metadata
3,S03-P002,PP-REPLY-T1-PA-ALL-SALESGR,active_comparison,,,,,,,,,,,,not_recorded_in_exported_source_metadata
3,S03-P003,PP-REPLY-T1-PA-NOOIL-CHGEMP,active_comparison,,,,,,,,,,,,not_recorded_in_exported_source_metadata
3,S03-P004,PP-REPLY-T1-PA-NOOIL-SALESGR,active_comparison,,,,,,,,,,,,not_recorded_in_exported_source_metadata
3,S03-P005,PP-REPLY-T1-PA-NOTX-CHGEMP,active_comparison,,,,,,,,,,,,not_recorded_in_exported_source_metadata
3,S03-P006,PP-REPLY-T1-PA-NOTX-SALESGR,active_comparison,,,,,,,,,,,,not_recorded_in_exported_source_metadata
3,S03-P007,PP-REPLY-T1-PA-NOTXOIL-CHGEMP,active_comparison,,,,,,,,,,,,not_recorded_in_exported_source_metadata
3,S03-P008,PP-REPLY-T1-PA-NOTXOIL-SALESGR,active_comparison,,,,,,,,,,,,not_recorded_in_exported_source_metadata
3,S03-P009,PP-REPLY-T1-PB-ALL-CHGEMP,active_comparison,,,,,,,,,,,,not_recorded_in_exported_source_metadata
3,S03-P010,PP-REPLY-T1-PB-ALL-SALESGR,active_comparison,,,,,,,,,,,,not_recorded_in_exported_source_metadata
3,S03-P011,PP-REPLY-T1-PB-NOOIL-CHGEMP,active_comparison,,,,,,,,,,,,not_recorded_in_exported_source_metadata
3,S03-P012,PP-REPLY-T1-PB-NOOIL-SALESGR,active_comparison,,,,,,,,,,,,not_recorded_in_exported_source_metadata
3,S03-P013,PP-REPLY-T1-PB-NOTX-CHGEMP,active_comparison,,,,,,,,,,,,not_recorded_in_exported_source_metadata
3,S03-P014,PP-REPLY-T1-PB-NOTX-SALESGR,active_comparison,,,,,,,,,,,,not_recorded_in_exported_source_metadata
3,S03-P015,PP-REPLY-T1-PB-NOTXOIL-CHGEMP,active_comparison,,,,,,,,,,,,not_recorded_in_exported_source_metadata
3,S03-P016,PP-REPLY-T1-PB-NOTXOIL-SALESGR,active_comparison,,,,,,,,,,,,not_recorded_in_exported_source_metadata
4,S04-P001,MI-T4-C1,active_comparison,Table 4 column 1,Auditor Assessment,auditor_assessment,Phone,Firm,Round,None,,Builder,firm-by-round panel,panel,recorded_source_fields
4,S04-P002,MI-T4-C2,active_comparison,Table 4 column 2,Labor Value per Boat,f_LV_per_boat,Phone,Firm,Round,None,,Builder,firm-by-round panel,panel,recorded_source_fields
4,S04-P003,MI-T4-C3,active_comparison,Table 4 column 3,Material Value per Boat,f_M_per_boat,Phone,Firm,Round,None,,Builder,firm-by-round panel,panel,recorded_source_fields
4,S04-P004,MI-T4-C4,active_comparison,Table 4 column 4,Variable Costs per Boat,f_VC_per_boat,Phone,Firm,Round,None,,Builder,firm-by-round panel,panel,recorded_source_fields
4,S04-P005,MI-T4-C5,active_comparison,Table 4 column 5,Labor Value per Boat-Year,f_LV_per_boatyear,Phone,Firm,Round,None,,Builder,firm-by-round panel,panel,recorded_source_fields
4,S04-P006,MI-T4-C6,active_comparison,Table 4 column 6,Material Value per Boat-Year,f_M_per_boatyear,Phone,Firm,Round,None,,Builder,firm-by-round panel,panel,recorded_source_fields
4,S04-P007,MI-T4-C7,active_comparison,Table 4 column 7,Variable Costs per Boat-Year,f_VC_per_boatyear,Phone,Firm,Round,None,,Builder,firm-by-round panel,panel,recorded_source_fields
5,S05-P001,AUDITS-T4-C1-CRACKDOWN,active_comparison,,,,,,,,,,,panel,recorded_source_fields
5,S05-P002,AUDITS-T4-C3-CONVICTION,active_comparison,,,,,,,,,,,panel,recorded_source_fields
5,S05-P003,AUDITS-T4-C5-LEGAL-ACTION,active_comparison,,,,,,,,,,,panel,recorded_source_fields
6,S06-P001,RRR-T4-C1-REAL-INCOME,active_comparison,Equation (16); main-text Table 4 column 1; published page 924,Log real agricultural income per acre,ln_realincome,"Railroad in district: one in every year when any part of the district is penetrated by an opened railroad line, zero before; binary and absorbing",District,Calendar year,None,,District,"Unbalanced annual panel of 192 Indian districts, 1870-1930",panel,recorded_source_fields
7,S07-P001,FIA-T2-C1,active_comparison,,,,,,,,,,,,not_recorded_in_exported_source_metadata
7,S07-P002,FIA-T2-C2,active_comparison,,,,,,,,,,,,not_recorded_in_exported_source_metadata
7,S07-P003,FIA-T2-C3,active_comparison,,,,,,,,,,,,not_recorded_in_exported_source_metadata
8,S08-P001,C95FF064-T6-C1-ALL-OPERAS-OLS,active_comparison,Main Table 6 OLS,,,,,,,,,aggregate_state_year_panel,panel,recorded_source_fields
8,S08-P002,C95FF064-T6-C3-HISTORICALLY-POPULAR-OLS,active_comparison,Main Table 6 OLS,,,,,,,,,aggregate_state_year_panel,panel,recorded_source_fields
8,S08-P003,C95FF064-T6-C4-METROPOLITAN-OLS,active_comparison,Main Table 6 OLS,,,,,,,,,aggregate_state_year_panel,panel,recorded_source_fields
8,S08-P004,C95FF064-T6-C5-AMAZON-DURABLE-OLS,active_comparison,Main Table 6 OLS,,,,,,,,,aggregate_state_year_panel,panel,recorded_source_fields
9,S09-P001,HHLT-T5-PA-C1-QUANTITY,active_comparison,,,,,,,,,,,,not_recorded_in_exported_source_metadata
9,S09-P002,HHLT-T5-PA-C2-DISTANCE,active_comparison,,,,,,,,,,,,not_recorded_in_exported_source_metadata
9,S09-P003,HHLT-T5-PA-C3-TIMESEA,active_comparison,,,,,,,,,,,,not_recorded_in_exported_source_metadata
9,S09-P004,HHLT-T5-PB-C1-QUANTITY,active_comparison,,,,,,,,,,,,not_recorded_in_exported_source_metadata
9,S09-P005,HHLT-T5-PB-C2-DISTANCE,active_comparison,,,,,,,,,,,,not_recorded_in_exported_source_metadata
9,S09-P006,HHLT-T5-PB-C3-TIMESEA,active_comparison,,,,,,,,,,,,not_recorded_in_exported_source_metadata
9,S09-P007,HHLT-T5-PC-C1-TRIPS,active_comparison,,,,,,,,,,,panel,recorded_source_fields
10,S10-P001,paper_c1d607ca2b0f194bccaf989b_table4_col2,active_comparison,"Equation (2); Table 4, column (2)",German-language newspaper presence,M1,D_it = 1 when at least one Forty-Eighter is currently present in town i in year t; G_i is the town's first observed presence year; amendment 005 drops every post-G_i town-year with no current Forty-Eighter presence,town fixed effects,state-by-year fixed effects (nest common year effects),none; printed p-value=0.006,,town,"Annual town panel, 1840-1861; published sample retained separately; amendment-005 normalized sample deletes post-first-presence no-presence town-years",panel,recorded_source_fields
10,S10-P002,paper_c1d607ca2b0f194bccaf989b_table4_col4,active_comparison,"Equation (2); Table 4, column (4)",Turner Society presence,M2,D_it = 1 when at least one Forty-Eighter is currently present in town i in year t; G_i is the town's first observed presence year; amendment 005 drops every post-G_i town-year with no current Forty-Eighter presence,town fixed effects,state-by-year fixed effects (nest common year effects),none; printed p-value=0.004,,town,"Annual town panel, 1840-1861; published sample retained separately; amendment-005 normalized sample deletes post-first-presence no-presence town-years",panel,recorded_source_fields
11,S11-P001,HALL-MIRRORS-F1-COCOMMENT,active_comparison,,,,,,,,,,,,not_recorded_in_exported_source_metadata
12,S12-P001,LOCAL-ELECTIONS-T5-C3-LAND-EXPROPRIATION,active_comparison,"Main-text Equation (1), Table 5 column 3, panel E",Indicator for expropriation of village land,,Post-first-election indicator equal to one in and after the village's first election,Village fixed effects,Province-by-calendar-year fixed effects (saturated; common calendar-year effects nested),None; baseline province-specific linear trends are replaced by the province-by-year effects,,Village,"Balanced annual village panel: 217 villages, 1986-2005",panel,recorded_source_fields
12,S12-P002,LOCAL-ELECTIONS-T5-C3-ONE-CHILD,active_comparison,"Main-text Equation (1), Table 5 column 3, panel D",Number of one-child-policy exemptions granted by the village government,,Post-first-election indicator equal to one in and after the village's first election,Village fixed effects,Province-by-calendar-year fixed effects (saturated; common calendar-year effects nested),None; baseline province-specific linear trends are replaced by the province-by-year effects,,Village,"Balanced annual village panel: 217 villages, 1986-2005",panel,recorded_source_fields
12,S12-P003,LOCAL-ELECTIONS-T5-C3-PUBLIC-GOODS,active_comparison,"Main-text Equation (1), Table 5 column 3, panel B","Public-goods expenditure funded by villagers (10,000 constant RMB)",,Post-first-election indicator equal to one in and after the village's first election,Village fixed effects,Province-by-calendar-year fixed effects (saturated; common calendar-year effects nested),None; baseline province-specific linear trends are replaced by the province-by-year effects,,Village,"Balanced annual village panel: 217 villages, 1986-2005",panel,recorded_source_fields
12,S12-P004,LOCAL-ELECTIONS-T5-C3-VC-UNILATERAL,active_comparison,"Main-text Equation (1), Table 5 column 3, panel A",Sum of policies unilaterally decided by the elected village committee chairman,,Post-first-election indicator equal to one in and after the village's first election,Village fixed effects,Province-by-calendar-year fixed effects (saturated; common calendar-year effects nested),None; baseline province-specific linear trends are replaced by the province-by-year effects,,Village,"Balanced annual village panel: 217 villages, 1986-2005",panel,recorded_source_fields
13,S13-P001,IPPO-T3-C1-LOGPAY,active_comparison,Main-text Table III column (1),,,,,,,,,individual_quarter_panel,panel,recorded_source_fields
13,S13-P002,IPPO-T3-C3-TRANSFER-NONSES,active_comparison,,,,,,,,,,,,not_recorded_in_exported_source_metadata
13,S13-P003,IPPO-T3-C5-TRANSFER-SES,active_comparison,,,,,,,,,,,,not_recorded_in_exported_source_metadata
14,S14-P001,BON-T4-PA-C1,active_comparison,,,,,,,,,,,panel,recorded_source_fields
14,S14-P002,BON-T4-PA-C4,active_comparison,,,,,,,,,,,panel,recorded_source_fields
14,S14-P003,BON-T4-PB-C1,active_comparison,,,,,,,,,,,panel,recorded_source_fields
14,S14-P004,BON-T4-PB-C4,active_comparison,,,,,,,,,,,panel,recorded_source_fields
15,S15-P001,RPD-T3-C4-ALL-OPIOIDS,active_comparison,Main Table 3 Column 4,,,,,,,,,pharmacy_month_panel,panel,recorded_source_fields
15,S15-P002,RPD-T3-C9-OXYCONTIN,active_comparison,Main Table 3 Column 9,,,,,,,,,pharmacy_month_panel,panel,recorded_source_fields
16,S16-P001,GIFT-F4-LOGIMR-CSA-BLACK,active_comparison,Main Figure4 row3,,,,,,,,,aggregate_county_panel,panel,recorded_source_fields
16,S16-P002,GIFT-F4-LOGIMR-CSA-POOL,active_comparison,Main Figure4 row3,,,,,,,,,aggregate_county_panel,panel,recorded_source_fields
16,S16-P003,GIFT-F4-LOGIMR-CSA-WHITE,active_comparison,Main Figure4 row3,,,,,,,,,aggregate_county_panel,panel,recorded_source_fields
16,S16-P004,GIFT-F5A-BLACK,active_comparison,Main Figure5a,,,,,,,,,aggregate_county_panel,panel,recorded_source_fields
16,S16-P005,GIFT-F5A-LOGIMR-CSA-BLACK,active_comparison,Main Figure5a,,,,,,,,,aggregate_county_panel,panel,recorded_source_fields
16,S16-P006,GIFT-F5A-LOGIMR-CSA-POOL,active_comparison,Main Figure5a,,,,,,,,,aggregate_county_panel,panel,recorded_source_fields
16,S16-P007,GIFT-F5A-LOGIMR-CSA-WHITE,active_comparison,Main Figure5a,,,,,,,,,aggregate_county_panel,panel,recorded_source_fields
16,S16-P008,GIFT-F5A-POOL,active_comparison,Main Figure5a,,,,,,,,,aggregate_county_panel,panel,recorded_source_fields
16,S16-P009,GIFT-F5A-WHITE,active_comparison,Main Figure5a,,,,,,,,,aggregate_county_panel,panel,recorded_source_fields
17,S17-P001,TN-F2-ANNOTATED-SCALAR,active_comparison,,,,,,,,,,,,not_recorded_in_exported_source_metadata
17,S17-P002,TN-F2-BASELINE,active_comparison,,,,,,,,,,,,not_recorded_in_exported_source_metadata
17,S17-P003,TN-F2-ORIGINDESTYEAR,active_comparison,,,,,,,,,,,,not_recorded_in_exported_source_metadata
18,S18-P001,FISCAL-F1B-SIZE,active_comparison,,,,,,,,,,,,not_recorded_in_exported_source_metadata
18,S18-P002,FISCAL-F2A-COMPACT-TERRITORY,active_comparison,,,,,,,,,,,,not_recorded_in_exported_source_metadata
18,S18-P003,FISCAL-F5A-MARRIAGE-RULERS,active_comparison,,,,,,,,,,,,not_recorded_in_exported_source_metadata
18,S18-P004,FISCAL-F5B-MARRIAGE-LAND,active_comparison,,,,,,,,,,,,not_recorded_in_exported_source_metadata
18,S18-P005,FISCAL-T2-C1-VANISH-CONFLICT,active_comparison,,,,,,,,,,,panel,recorded_source_fields
18,S18-P006,FISCAL-T2-C3-VANISH-PURCHASE,active_comparison,,,,,,,,,,,panel,recorded_source_fields
18,S18-P007,FISCAL-T2-C5-VANISH-EXTINCTION,active_comparison,,,,,,,,,,,panel,recorded_source_fields
18,S18-P008,FISCAL-T3-C1-SIZE-SINGLE,active_comparison,,,,,,,,,,,panel,recorded_source_fields
18,S18-P009,FISCAL-T3-C3-SIZE-UNCONTESTED,active_comparison,,,,,,,,,,,panel,recorded_source_fields
18,S18-P010,FISCAL-T3-C5-SIZE-ALL,active_comparison,,,,,,,,,,,panel,recorded_source_fields
18,S18-P011,FISCAL-T4-C1-COMPACT-TERRITORY,active_comparison,,,,,,,,,,,panel,recorded_source_fields
18,S18-P012,FISCAL-T8-C1-MARRIAGE-RULERS,active_comparison,,,,,,,,,,,panel,recorded_source_fields
18,S18-P013,FISCAL-T8-C3-MARRIAGE-LAND,active_comparison,,,,,,,,,,,panel,recorded_source_fields
18,S18-P014,FISCAL-T9-C1-VANISH-NOEXT,active_comparison,,,,,,,,,,,panel,recorded_source_fields
19,S19-P001,AM005-P2882-T3C-C1,active_comparison,,,,,,,,,,,,not_recorded_in_exported_source_metadata
19,S19-P002,AM005-P2882-T3C-C2,active_comparison,,,,,,,,,,,,not_recorded_in_exported_source_metadata
19,S19-P003,AM005-P2882-T3C-C3,active_comparison,,,,,,,,,,,,not_recorded_in_exported_source_metadata
19,S19-P004,AM005-P2882-T3C-C4,active_comparison,,,,,,,,,,,,not_recorded_in_exported_source_metadata
19,S19-P005,AM005-P2882-T3C-C5,active_comparison,,,,,,,,,,,,not_recorded_in_exported_source_metadata
19,S19-P006,AM005-P2882-T3C-C6,active_comparison,,,,,,,,,,,,not_recorded_in_exported_source_metadata
19,S19-P007,AM005-P2882-T3C-C7,active_comparison,,,,,,,,,,,,not_recorded_in_exported_source_metadata
19,S19-P008,AM005-P2882-T3C-C8,active_comparison,,,,,,,,,,,,not_recorded_in_exported_source_metadata
19,S19-P009,AM005-P2882-T4-PA-B-C1,active_comparison,,,,,,,,,,,,not_recorded_in_exported_source_metadata
19,S19-P010,AM005-P2882-T4-PA-B-C2,active_comparison,,,,,,,,,,,,not_recorded_in_exported_source_metadata
19,S19-P011,AM005-P2882-T4-PA-B-C3,active_comparison,,,,,,,,,,,,not_recorded_in_exported_source_metadata
19,S19-P012,AM005-P2882-T4-PA-B-C4,active_comparison,,,,,,,,,,,,not_recorded_in_exported_source_metadata
19,S19-P013,AM005-P2882-T4-PA-B-C5,active_comparison,,,,,,,,,,,,not_recorded_in_exported_source_metadata
19,S19-P014,AM005-P2882-T4-PA-B-C6,active_comparison,,,,,,,,,,,,not_recorded_in_exported_source_metadata
19,S19-P015,AM005-P2882-T4-PA-B-C7,active_comparison,,,,,,,,,,,,not_recorded_in_exported_source_metadata
19,S19-P016,AM005-P2882-T4-PA-B-C8,active_comparison,,,,,,,,,,,,not_recorded_in_exported_source_metadata
19,S19-P017,AM005-P2882-T4-PB-B-C2,active_comparison,,,,,,,,,,,,not_recorded_in_exported_source_metadata
19,S19-P018,AM005-P2882-T4-PB-B-C3,active_comparison,,,,,,,,,,,,not_recorded_in_exported_source_metadata
19,S19-P019,AM005-P2882-T4-PB-B-C4,active_comparison,,,,,,,,,,,,not_recorded_in_exported_source_metadata
19,S19-P020,AM005-P2882-T4-PB-B-C5,active_comparison,,,,,,,,,,,,not_recorded_in_exported_source_metadata
19,S19-P021,AM005-P2882-T4-PB-B-C6,active_comparison,,,,,,,,,,,,not_recorded_in_exported_source_metadata
19,S19-P022,AM005-P2882-T4-PB-B-C7,active_comparison,,,,,,,,,,,,not_recorded_in_exported_source_metadata
19,S19-P023,AM005-P2882-T4-PB-B-C8,active_comparison,,,,,,,,,,,,not_recorded_in_exported_source_metadata
19,S19-P024,AM005-P2882-T5-B-C1,active_comparison,,,,,,,,,,,,not_recorded_in_exported_source_metadata
19,S19-P025,AM005-P2882-T5-B-C3,active_comparison,,,,,,,,,,,,not_recorded_in_exported_source_metadata
19,S19-P026,AM005-P2882-T5-B-C5,active_comparison,,,,,,,,,,,,not_recorded_in_exported_source_metadata
20,S20-P001,CMPRC-CSA-NOTYET,active_comparison,,,,,,,,,,,,not_recorded_in_exported_source_metadata
21,S21-P001,LANDMINES-F10B-WB-INITIAL,active_comparison,,,,,,,,,,,,not_recorded_in_exported_source_metadata
21,S21-P002,LANDMINES-F10C-WB-FULL,active_comparison,,,,,,,,,,,,not_recorded_in_exported_source_metadata
21,S21-P003,LANDMINES-F8A-INITIAL,active_comparison,,,,,,,,,,,,not_recorded_in_exported_source_metadata
21,S21-P004,LANDMINES-F8B-FULL,active_comparison,,,,,,,,,,,,not_recorded_in_exported_source_metadata
21,S21-P005,LANDMINES-F9B-CANCELLATION,active_comparison,,,,,,,,,,,,not_recorded_in_exported_source_metadata
21,S21-P006,LANDMINES-T2-C1-INITIAL,active_comparison,,,,,,,,,,,,not_recorded_in_exported_source_metadata
21,S21-P007,LANDMINES-T2-C2-FULL-EXCL-PARTIAL,active_comparison,,,,,,,,,,,,not_recorded_in_exported_source_metadata
21,S21-P008,LANDMINES-T2-C3-FULL-DROP-LIMITED,active_comparison,,,,,,,,,,,,not_recorded_in_exported_source_metadata
21,S21-P009,LANDMINES-T2-C4-FULL-DMSP-2013,active_comparison,,,,,,,,,,,,not_recorded_in_exported_source_metadata
21,S21-P010,LANDMINES-T2-C5-FULL-DMSP-RAW,active_comparison,,,,,,,,,,,,not_recorded_in_exported_source_metadata
21,S21-P011,LANDMINES-T2-C7-FULL-DISTRICT-YEAR,active_comparison,,,,,,,,,,,,not_recorded_in_exported_source_metadata
22,S22-P001,REXER-F4-THEFT-CTRLFIELD-SHNONE-FELGA-TRDI-SFULL,active_comparison,,,,,,,,,,,,not_recorded_in_exported_source_metadata
22,S22-P002,REXER-F4-THEFT-CTRLFIELD-SHNONE-FELGA-TRDI-SONSHORE,active_comparison,,,,,,,,,,,,not_recorded_in_exported_source_metadata
22,S22-P003,REXER-F4-THEFT-CTRLFIELD-SHNONE-FELGA-TRDINNPC-SFULL,active_comparison,,,,,,,,,,,,not_recorded_in_exported_source_metadata
22,S22-P004,REXER-F4-THEFT-CTRLFIELD-SHNONE-FELGA-TRDINNPC-SONSHORE,active_comparison,,,,,,,,,,,,not_recorded_in_exported_source_metadata
22,S22-P005,REXER-F4-THEFT-CTRLFIELD-SHNONE-FELGA-TRNNPC-SFULL,active_comparison,,,,,,,,,,,,not_recorded_in_exported_source_metadata
22,S22-P006,REXER-F4-THEFT-CTRLFIELD-SHNONE-FELGA-TRNNPC-SONSHORE,active_comparison,,,,,,,,,,,,not_recorded_in_exported_source_metadata
22,S22-P007,REXER-F4-THEFT-CTRLFIELD-SHNONE-FENONE-TRDI-SFULL,active_comparison,,,,,,,,,,,,not_recorded_in_exported_source_metadata
22,S22-P008,REXER-F4-THEFT-CTRLFIELD-SHNONE-FENONE-TRDI-SONSHORE,active_comparison,,,,,,,,,,,,not_recorded_in_exported_source_metadata
22,S22-P009,REXER-F4-THEFT-CTRLFIELD-SHNONE-FENONE-TRDINNPC-SFULL,active_comparison,,,,,,,,,,,,not_recorded_in_exported_source_metadata
22,S22-P010,REXER-F4-THEFT-CTRLFIELD-SHNONE-FENONE-TRDINNPC-SONSHORE,active_comparison,,,,,,,,,,,,not_recorded_in_exported_source_metadata
22,S22-P011,REXER-F4-THEFT-CTRLFIELD-SHNONE-FENONE-TRNNPC-SFULL,active_comparison,,,,,,,,,,,,not_recorded_in_exported_source_metadata
22,S22-P012,REXER-F4-THEFT-CTRLFIELD-SHNONE-FENONE-TRNNPC-SONSHORE,active_comparison,,,,,,,,,,,,not_recorded_in_exported_source_metadata
22,S22-P013,REXER-F4-THEFT-CTRLFIELD-SHNONE-FESTATE-TRDI-SFULL,active_comparison,,,,,,,,,,,,not_recorded_in_exported_source_metadata
22,S22-P014,REXER-F4-THEFT-CTRLFIELD-SHNONE-FESTATE-TRDI-SONSHORE,active_comparison,,,,,,,,,,,,not_recorded_in_exported_source_metadata
22,S22-P015,REXER-F4-THEFT-CTRLFIELD-SHNONE-FESTATE-TRDINNPC-SFULL,active_comparison,,,,,,,,,,,,not_recorded_in_exported_source_metadata
22,S22-P016,REXER-F4-THEFT-CTRLFIELD-SHNONE-FESTATE-TRDINNPC-SONSHORE,active_comparison,,,,,,,,,,,,not_recorded_in_exported_source_metadata
22,S22-P017,REXER-F4-THEFT-CTRLFIELD-SHNONE-FESTATE-TRNNPC-SFULL,active_comparison,,,,,,,,,,,,not_recorded_in_exported_source_metadata
22,S22-P018,REXER-F4-THEFT-CTRLFIELD-SHNONE-FESTATE-TRNNPC-SONSHORE,active_comparison,,,,,,,,,,,,not_recorded_in_exported_source_metadata
22,S22-P019,REXER-F4-THEFT-CTRLNONE-SHNONE-FELGA-TRDI-SFULL,active_comparison,"Main-text Figure 4 specification curve: outcome=theft, interacted controls=none, simultaneous shocks=none, added fixed effects=lga, treatment=DI, sample=full",Oil theft: count of sabotage spills within 15 km of the field,,"DrillingInfo transaction-data local-participation indicator, set to one from its source-specific first observed indigenous transaction year onward; exact cohorts pending package audit",Oil-field fixed effects,Calendar-year fixed effects,Fixed local-government-area-by-calendar-year effects,,Oil field,"Unbalanced full field sample oil-field-by-calendar-year panel, 2006-2016; exact Figure 4 e(sample) and N pending code recovery",panel,recorded_source_fields
22,S22-P020,REXER-F4-THEFT-CTRLNONE-SHNONE-FELGA-TRDI-SONSHORE,active_comparison,"Main-text Figure 4 specification curve: outcome=theft, interacted controls=none, simultaneous shocks=none, added fixed effects=lga, treatment=DI, sample=onshore",Oil theft: count of sabotage spills within 15 km of the field,,"DrillingInfo transaction-data local-participation indicator, set to one from its source-specific first observed indigenous transaction year onward; exact cohorts pending package audit",Oil-field fixed effects,Calendar-year fixed effects,Fixed local-government-area-by-calendar-year effects,,Oil field,"Unbalanced onshore field subsample oil-field-by-calendar-year panel, 2006-2016; exact Figure 4 e(sample) and N pending code recovery",panel,recorded_source_fields
22,S22-P021,REXER-F4-THEFT-CTRLNONE-SHNONE-FELGA-TRDINNPC-SFULL,active_comparison,"Main-text Figure 4 specification curve: outcome=theft, interacted controls=none, simultaneous shocks=none, added fixed effects=lga, treatment=DINNPC, sample=full",Oil theft: count of sabotage spills within 15 km of the field,,Local participation (DI+NNPC): binary indicator equal to one from the earliest observed year of indigenous Nigerian ownership or operatorship onward; explicitly recoded as absorbing,Oil-field fixed effects,Calendar-year fixed effects,Fixed local-government-area-by-calendar-year effects,,Oil field,"Unbalanced full field sample oil-field-by-calendar-year panel, 2006-2016; exact Figure 4 e(sample) and N pending code recovery",panel,recorded_source_fields
22,S22-P022,REXER-F4-THEFT-CTRLNONE-SHNONE-FELGA-TRDINNPC-SONSHORE,active_comparison,"Main-text Figure 4 specification curve: outcome=theft, interacted controls=none, simultaneous shocks=none, added fixed effects=lga, treatment=DINNPC, sample=onshore",Oil theft: count of sabotage spills within 15 km of the field,,Local participation (DI+NNPC): binary indicator equal to one from the earliest observed year of indigenous Nigerian ownership or operatorship onward; explicitly recoded as absorbing,Oil-field fixed effects,Calendar-year fixed effects,Fixed local-government-area-by-calendar-year effects,,Oil field,"Unbalanced onshore field subsample oil-field-by-calendar-year panel, 2006-2016; exact Figure 4 e(sample) and N pending code recovery",panel,recorded_source_fields
22,S22-P023,REXER-F4-THEFT-CTRLNONE-SHNONE-FELGA-TRNNPC-SFULL,active_comparison,"Main-text Figure 4 specification curve: outcome=theft, interacted controls=none, simultaneous shocks=none, added fixed effects=lga, treatment=NNPC, sample=full",Oil theft: count of sabotage spills within 15 km of the field,,"NNPC administrative-data local-participation indicator, set to one from its source-specific first observed local operatorship year onward; exact cohorts pending package audit",Oil-field fixed effects,Calendar-year fixed effects,Fixed local-government-area-by-calendar-year effects,,Oil field,"Unbalanced full field sample oil-field-by-calendar-year panel, 2006-2016; exact Figure 4 e(sample) and N pending code recovery",panel,recorded_source_fields
22,S22-P024,REXER-F4-THEFT-CTRLNONE-SHNONE-FELGA-TRNNPC-SONSHORE,active_comparison,"Main-text Figure 4 specification curve: outcome=theft, interacted controls=none, simultaneous shocks=none, added fixed effects=lga, treatment=NNPC, sample=onshore",Oil theft: count of sabotage spills within 15 km of the field,,"NNPC administrative-data local-participation indicator, set to one from its source-specific first observed local operatorship year onward; exact cohorts pending package audit",Oil-field fixed effects,Calendar-year fixed effects,Fixed local-government-area-by-calendar-year effects,,Oil field,"Unbalanced onshore field subsample oil-field-by-calendar-year panel, 2006-2016; exact Figure 4 e(sample) and N pending code recovery",panel,recorded_source_fields
22,S22-P025,REXER-F4-THEFT-CTRLNONE-SHNONE-FENONE-TRDI-SFULL,active_comparison,"Main-text Figure 4 specification curve: outcome=theft, interacted controls=none, simultaneous shocks=none, added fixed effects=none, treatment=DI, sample=full",Oil theft: count of sabotage spills within 15 km of the field,,"DrillingInfo transaction-data local-participation indicator, set to one from its source-specific first observed indigenous transaction year onward; exact cohorts pending package audit",Oil-field fixed effects,Calendar-year fixed effects,None,,Oil field,"Unbalanced full field sample oil-field-by-calendar-year panel, 2006-2016; exact Figure 4 e(sample) and N pending code recovery",panel,recorded_source_fields
22,S22-P026,REXER-F4-THEFT-CTRLNONE-SHNONE-FENONE-TRDI-SONSHORE,active_comparison,"Main-text Figure 4 specification curve: outcome=theft, interacted controls=none, simultaneous shocks=none, added fixed effects=none, treatment=DI, sample=onshore",Oil theft: count of sabotage spills within 15 km of the field,,"DrillingInfo transaction-data local-participation indicator, set to one from its source-specific first observed indigenous transaction year onward; exact cohorts pending package audit",Oil-field fixed effects,Calendar-year fixed effects,None,,Oil field,"Unbalanced onshore field subsample oil-field-by-calendar-year panel, 2006-2016; exact Figure 4 e(sample) and N pending code recovery",panel,recorded_source_fields
22,S22-P027,REXER-F4-THEFT-CTRLNONE-SHNONE-FENONE-TRNNPC-SFULL,active_comparison,"Main-text Figure 4 specification curve: outcome=theft, interacted controls=none, simultaneous shocks=none, added fixed effects=none, treatment=NNPC, sample=full",Oil theft: count of sabotage spills within 15 km of the field,,"NNPC administrative-data local-participation indicator, set to one from its source-specific first observed local operatorship year onward; exact cohorts pending package audit",Oil-field fixed effects,Calendar-year fixed effects,None,,Oil field,"Unbalanced full field sample oil-field-by-calendar-year panel, 2006-2016; exact Figure 4 e(sample) and N pending code recovery",panel,recorded_source_fields
22,S22-P028,REXER-F4-THEFT-CTRLNONE-SHNONE-FENONE-TRNNPC-SONSHORE,active_comparison,"Main-text Figure 4 specification curve: outcome=theft, interacted controls=none, simultaneous shocks=none, added fixed effects=none, treatment=NNPC, sample=onshore",Oil theft: count of sabotage spills within 15 km of the field,,"NNPC administrative-data local-participation indicator, set to one from its source-specific first observed local operatorship year onward; exact cohorts pending package audit",Oil-field fixed effects,Calendar-year fixed effects,None,,Oil field,"Unbalanced onshore field subsample oil-field-by-calendar-year panel, 2006-2016; exact Figure 4 e(sample) and N pending code recovery",panel,recorded_source_fields
22,S22-P029,REXER-F4-THEFT-CTRLNONE-SHNONE-FESTATE-TRDI-SFULL,active_comparison,"Main-text Figure 4 specification curve: outcome=theft, interacted controls=none, simultaneous shocks=none, added fixed effects=state, treatment=DI, sample=full",Oil theft: count of sabotage spills within 15 km of the field,,"DrillingInfo transaction-data local-participation indicator, set to one from its source-specific first observed indigenous transaction year onward; exact cohorts pending package audit",Oil-field fixed effects,Calendar-year fixed effects,Fixed state-by-calendar-year effects,,Oil field,"Unbalanced full field sample oil-field-by-calendar-year panel, 2006-2016; exact Figure 4 e(sample) and N pending code recovery",panel,recorded_source_fields
22,S22-P030,REXER-F4-THEFT-CTRLNONE-SHNONE-FESTATE-TRDI-SONSHORE,active_comparison,"Main-text Figure 4 specification curve: outcome=theft, interacted controls=none, simultaneous shocks=none, added fixed effects=state, treatment=DI, sample=onshore",Oil theft: count of sabotage spills within 15 km of the field,,"DrillingInfo transaction-data local-participation indicator, set to one from its source-specific first observed indigenous transaction year onward; exact cohorts pending package audit",Oil-field fixed effects,Calendar-year fixed effects,Fixed state-by-calendar-year effects,,Oil field,"Unbalanced onshore field subsample oil-field-by-calendar-year panel, 2006-2016; exact Figure 4 e(sample) and N pending code recovery",panel,recorded_source_fields
22,S22-P031,REXER-F4-THEFT-CTRLNONE-SHNONE-FESTATE-TRDINNPC-SFULL,active_comparison,"Main-text Figure 4 specification curve: outcome=theft, interacted controls=none, simultaneous shocks=none, added fixed effects=state, treatment=DINNPC, sample=full",Oil theft: count of sabotage spills within 15 km of the field,,Local participation (DI+NNPC): binary indicator equal to one from the earliest observed year of indigenous Nigerian ownership or operatorship onward; explicitly recoded as absorbing,Oil-field fixed effects,Calendar-year fixed effects,Fixed state-by-calendar-year effects,,Oil field,"Unbalanced full field sample oil-field-by-calendar-year panel, 2006-2016; exact Figure 4 e(sample) and N pending code recovery",panel,recorded_source_fields
22,S22-P032,REXER-F4-THEFT-CTRLNONE-SHNONE-FESTATE-TRDINNPC-SONSHORE,active_comparison,"Main-text Figure 4 specification curve: outcome=theft, interacted controls=none, simultaneous shocks=none, added fixed effects=state, treatment=DINNPC, sample=onshore",Oil theft: count of sabotage spills within 15 km of the field,,Local participation (DI+NNPC): binary indicator equal to one from the earliest observed year of indigenous Nigerian ownership or operatorship onward; explicitly recoded as absorbing,Oil-field fixed effects,Calendar-year fixed effects,Fixed state-by-calendar-year effects,,Oil field,"Unbalanced onshore field subsample oil-field-by-calendar-year panel, 2006-2016; exact Figure 4 e(sample) and N pending code recovery",panel,recorded_source_fields
22,S22-P033,REXER-F4-THEFT-CTRLNONE-SHNONE-FESTATE-TRNNPC-SFULL,active_comparison,"Main-text Figure 4 specification curve: outcome=theft, interacted controls=none, simultaneous shocks=none, added fixed effects=state, treatment=NNPC, sample=full",Oil theft: count of sabotage spills within 15 km of the field,,"NNPC administrative-data local-participation indicator, set to one from its source-specific first observed local operatorship year onward; exact cohorts pending package audit",Oil-field fixed effects,Calendar-year fixed effects,Fixed state-by-calendar-year effects,,Oil field,"Unbalanced full field sample oil-field-by-calendar-year panel, 2006-2016; exact Figure 4 e(sample) and N pending code recovery",panel,recorded_source_fields
22,S22-P034,REXER-F4-THEFT-CTRLNONE-SHNONE-FESTATE-TRNNPC-SONSHORE,active_comparison,"Main-text Figure 4 specification curve: outcome=theft, interacted controls=none, simultaneous shocks=none, added fixed effects=state, treatment=NNPC, sample=onshore",Oil theft: count of sabotage spills within 15 km of the field,,"NNPC administrative-data local-participation indicator, set to one from its source-specific first observed local operatorship year onward; exact cohorts pending package audit",Oil-field fixed effects,Calendar-year fixed effects,Fixed state-by-calendar-year effects,,Oil field,"Unbalanced onshore field subsample oil-field-by-calendar-year panel, 2006-2016; exact Figure 4 e(sample) and N pending code recovery",panel,recorded_source_fields
22,S22-P035,REXER-F4-THEFT-CTRLSPATIAL-SHNONE-FELGA-TRDI-SFULL,active_comparison,,,,,,,,,,,,not_recorded_in_exported_source_metadata
22,S22-P036,REXER-F4-THEFT-CTRLSPATIAL-SHNONE-FELGA-TRDI-SONSHORE,active_comparison,,,,,,,,,,,,not_recorded_in_exported_source_metadata
22,S22-P037,REXER-F4-THEFT-CTRLSPATIAL-SHNONE-FELGA-TRDINNPC-SONSHORE,active_comparison,,,,,,,,,,,,not_recorded_in_exported_source_metadata
22,S22-P038,REXER-F4-THEFT-CTRLSPATIAL-SHNONE-FELGA-TRNNPC-SFULL,active_comparison,,,,,,,,,,,,not_recorded_in_exported_source_metadata
22,S22-P039,REXER-F4-THEFT-CTRLSPATIAL-SHNONE-FELGA-TRNNPC-SONSHORE,active_comparison,,,,,,,,,,,,not_recorded_in_exported_source_metadata
22,S22-P040,REXER-F4-THEFT-CTRLSPATIAL-SHNONE-FENONE-TRDI-SFULL,active_comparison,,,,,,,,,,,,not_recorded_in_exported_source_metadata
22,S22-P041,REXER-F4-THEFT-CTRLSPATIAL-SHNONE-FENONE-TRDI-SONSHORE,active_comparison,,,,,,,,,,,,not_recorded_in_exported_source_metadata
22,S22-P042,REXER-F4-THEFT-CTRLSPATIAL-SHNONE-FENONE-TRNNPC-SFULL,active_comparison,,,,,,,,,,,,not_recorded_in_exported_source_metadata
22,S22-P043,REXER-F4-THEFT-CTRLSPATIAL-SHNONE-FENONE-TRNNPC-SONSHORE,active_comparison,,,,,,,,,,,,not_recorded_in_exported_source_metadata
22,S22-P044,REXER-F4-THEFT-CTRLSPATIAL-SHNONE-FESTATE-TRDI-SFULL,active_comparison,,,,,,,,,,,,not_recorded_in_exported_source_metadata
22,S22-P045,REXER-F4-THEFT-CTRLSPATIAL-SHNONE-FESTATE-TRDI-SONSHORE,active_comparison,,,,,,,,,,,,not_recorded_in_exported_source_metadata
22,S22-P046,REXER-F4-THEFT-CTRLSPATIAL-SHNONE-FESTATE-TRDINNPC-SONSHORE,active_comparison,,,,,,,,,,,,not_recorded_in_exported_source_metadata
22,S22-P047,REXER-F4-THEFT-CTRLSPATIAL-SHNONE-FESTATE-TRNNPC-SFULL,active_comparison,,,,,,,,,,,,not_recorded_in_exported_source_metadata
22,S22-P048,REXER-F4-THEFT-CTRLSPATIAL-SHNONE-FESTATE-TRNNPC-SONSHORE,active_comparison,,,,,,,,,,,,not_recorded_in_exported_source_metadata
22,S22-P049,REXER-T1-PB-SPILLS-C1,active_comparison,Main-text Table 1 panel B column 1,Operational oil spills: count of non-sabotage spills within 15 km of the field,,Local participation (DI+NNPC): binary indicator equal to one from the earliest observed year of indigenous Nigerian ownership or operatorship onward; explicitly recoded as absorbing,Oil-field fixed effects,Calendar-year fixed effects,None,,Oil field,"Unbalanced oil-field-by-calendar-year panel, 2006-2016; 314 fields; published N=3183",panel,recorded_source_fields
22,S22-P050,REXER-T1-PB-SPILLS-C2,active_comparison,,,,,,,,,,,,not_recorded_in_exported_source_metadata
22,S22-P051,REXER-T1-PB-SPILLS-C4,active_comparison,,,,,,,,,,,,not_recorded_in_exported_source_metadata
22,S22-P052,REXER-T1-PB-SPILLS-C5,active_comparison,,,,,,,,,,,,not_recorded_in_exported_source_metadata
22,S22-P053,REXER-T1-PC-THEFT-C1,active_comparison,"Main-text Table 1 panel C column 1; exact duplicate also plotted in Main-text Figure 4 (controls=none, simultaneous shocks=none, added FE=none, treatment=DI+NNPC, sample=full)",Oil theft: count of sabotage spills within 15 km of the field,,Local participation (DI+NNPC): binary indicator equal to one from the earliest observed year of indigenous Nigerian ownership or operatorship onward; explicitly recoded as absorbing,Oil-field fixed effects,Calendar-year fixed effects,None,,Oil field,"Unbalanced oil-field-by-calendar-year panel, 2006-2016; 314 fields; published N=3183",panel,recorded_source_fields
22,S22-P054,REXER-T1-PC-THEFT-C2,active_comparison,,,,,,,,,,,,not_recorded_in_exported_source_metadata
22,S22-P055,REXER-T1-PC-THEFT-C4,active_comparison,,,,,,,,,,,,not_recorded_in_exported_source_metadata
22,S22-P056,REXER-T1-PC-THEFT-C5,active_comparison,,,,,,,,,,,,not_recorded_in_exported_source_metadata
22,S22-P057,REXER-T2-PA-ONSHORE-C3,active_comparison,"Main-text Table 2 panel A column 3; exact duplicate also plotted in Main-text Figure 4 (controls=none, simultaneous shocks=none, added FE=none, treatment=DI+NNPC, sample=onshore)",Oil theft: count of sabotage spills within 15 km of the field,,Local participation (DI+NNPC): binary indicator equal to one from the earliest observed year of indigenous Nigerian ownership or operatorship onward; explicitly recoded as absorbing,Oil-field fixed effects,Calendar-year fixed effects,None,,Oil field,"Unbalanced onshore oil-field-by-calendar-year panel, 2006-2016; published N=2296",panel,recorded_source_fields
22,S22-P058,REXER-T2-PA-ONSHORE-C4,active_comparison,,,,,,,,,,,,not_recorded_in_exported_source_metadata
22,S22-P059,REXER-T2-PA-ONSHORE-C5,active_comparison,Main-text Table 2 panel A column 5,Operational oil spills: count of non-sabotage spills within 15 km of the field,,Local participation (DI+NNPC): binary indicator equal to one from the earliest observed year of indigenous Nigerian ownership or operatorship onward; explicitly recoded as absorbing,Oil-field fixed effects,Calendar-year fixed effects,None,,Oil field,"Unbalanced onshore oil-field-by-calendar-year panel, 2006-2016; published N=2296",panel,recorded_source_fields
22,S22-P060,REXER-T2-PA-ONSHORE-C6,active_comparison,,,,,,,,,,,,not_recorded_in_exported_source_metadata
22,S22-P061,REXER-T2-PB-OFFSHORE-C3,active_comparison,Main-text Table 2 panel B column 3,Oil theft: count of sabotage spills within 15 km of the field,,Local participation (DI+NNPC): binary indicator equal to one from the earliest observed year of indigenous Nigerian ownership or operatorship onward; explicitly recoded as absorbing,Oil-field fixed effects,Calendar-year fixed effects,None,,Oil field,"Unbalanced offshore oil-field-by-calendar-year panel, 2006-2016; published N=887",panel,recorded_source_fields
22,S22-P062,REXER-T2-PB-OFFSHORE-C4,active_comparison,,,,,,,,,,,,not_recorded_in_exported_source_metadata
22,S22-P063,REXER-T2-PB-OFFSHORE-C5,active_comparison,Main-text Table 2 panel B column 5,Operational oil spills: count of non-sabotage spills within 15 km of the field,,Local participation (DI+NNPC): binary indicator equal to one from the earliest observed year of indigenous Nigerian ownership or operatorship onward; explicitly recoded as absorbing,Oil-field fixed effects,Calendar-year fixed effects,None,,Oil field,"Unbalanced offshore oil-field-by-calendar-year panel, 2006-2016; published N=887",panel,recorded_source_fields
22,S22-P064,REXER-T2-PB-OFFSHORE-C6,active_comparison,,,,,,,,,,,,not_recorded_in_exported_source_metadata
22,S22-P065,REXER-T3-C6-TERMINATED-HOLD,active_comparison,,,,,,,,,,,,not_recorded_in_exported_source_metadata
22,S22-P066,REXER-T4-C1,active_comparison,Main-text Table 4 column 1,All anti-oil-theft law-enforcement events within 15 km,,Local participation (DI+NNPC): binary indicator equal to one from the earliest observed year of indigenous Nigerian ownership or operatorship onward; explicitly recoded as absorbing,Oil-field fixed effects,Calendar-year fixed effects,None,,Oil field,"Unbalanced oil-field-by-calendar-year panel, 2006-2016; 314 fields; published N=3183",panel,recorded_source_fields
22,S22-P067,REXER-T4-C2,active_comparison,,,,,,,,,,,,not_recorded_in_exported_source_metadata
22,S22-P068,REXER-T4-C3,active_comparison,Main-text Table 4 column 3,Oil-seizure enforcement events within 15 km,,Local participation (DI+NNPC): binary indicator equal to one from the earliest observed year of indigenous Nigerian ownership or operatorship onward; explicitly recoded as absorbing,Oil-field fixed effects,Calendar-year fixed effects,None,,Oil field,"Unbalanced oil-field-by-calendar-year panel, 2006-2016; 314 fields; published N=3183",panel,recorded_source_fields
22,S22-P069,REXER-T4-C4,active_comparison,,,,,,,,,,,,not_recorded_in_exported_source_metadata
22,S22-P070,REXER-T4-C5,active_comparison,Main-text Table 4 column 5,Illegal-refinery raid events within 15 km,,Local participation (DI+NNPC): binary indicator equal to one from the earliest observed year of indigenous Nigerian ownership or operatorship onward; explicitly recoded as absorbing,Oil-field fixed effects,Calendar-year fixed effects,None,,Oil field,"Unbalanced oil-field-by-calendar-year panel, 2006-2016; 314 fields; published N=3183",panel,recorded_source_fields
22,S22-P071,REXER-T4-C6,active_comparison,,,,,,,,,,,,not_recorded_in_exported_source_metadata
22,S22-P072,REXER-T4-C7,active_comparison,Main-text Table 4 column 7,Illegal-export enforcement events within 15 km,,Local participation (DI+NNPC): binary indicator equal to one from the earliest observed year of indigenous Nigerian ownership or operatorship onward; explicitly recoded as absorbing,Oil-field fixed effects,Calendar-year fixed effects,None,,Oil field,"Unbalanced oil-field-by-calendar-year panel, 2006-2016; 314 fields; published N=3183",panel,recorded_source_fields
22,S22-P073,REXER-T4-C8,active_comparison,,,,,,,,,,,,not_recorded_in_exported_source_metadata
22,S22-P074,REXER-T6-PA-SECURITY-C3-HOLD,active_comparison,,,,,,,,,,,,not_recorded_in_exported_source_metadata
22,S22-P075,REXER-T6-PA-SECURITY-C4-HOLD,active_comparison,,,,,,,,,,,,not_recorded_in_exported_source_metadata
22,S22-P076,REXER-T6-PA-SECURITY-C5-HOLD,active_comparison,,,,,,,,,,,,not_recorded_in_exported_source_metadata
22,S22-P077,REXER-T6-PA-SECURITY-C6-HOLD,active_comparison,,,,,,,,,,,,not_recorded_in_exported_source_metadata
22,S22-P078,REXER-T6-PA-SECURITY-C7-HOLD,active_comparison,,,,,,,,,,,,not_recorded_in_exported_source_metadata
22,S22-P079,REXER-T6-PA-SECURITY-C8-HOLD,active_comparison,,,,,,,,,,,,not_recorded_in_exported_source_metadata
22,S22-P080,REXER-T6-PB-OTHER-C3-HOLD,active_comparison,,,,,,,,,,,,not_recorded_in_exported_source_metadata
22,S22-P081,REXER-T6-PB-OTHER-C4-HOLD,active_comparison,,,,,,,,,,,,not_recorded_in_exported_source_metadata
22,S22-P082,REXER-T6-PB-OTHER-C5-HOLD,active_comparison,,,,,,,,,,,,not_recorded_in_exported_source_metadata
22,S22-P083,REXER-T6-PB-OTHER-C6-HOLD,active_comparison,,,,,,,,,,,,not_recorded_in_exported_source_metadata
22,S22-P084,REXER-T6-PB-OTHER-C7-HOLD,active_comparison,,,,,,,,,,,,not_recorded_in_exported_source_metadata
22,S22-P085,REXER-T6-PB-OTHER-C8-HOLD,active_comparison,,,,,,,,,,,,not_recorded_in_exported_source_metadata
22,S22-P086,REXER-T7-C1,active_comparison,Main-text Table 7 column 1,NNPC revenue (millions of 2016 US dollars),,Local participation (DI+NNPC): binary indicator equal to one from the earliest observed year of indigenous Nigerian ownership or operatorship onward; explicitly recoded as absorbing,Oil-field fixed effects,Calendar-year fixed effects,"Time-invariant field latitude and distances to the coast, Niger River, and state capital, each interacted with calendar-year indicators (the Table 7 note defines these controls but does not display an inclusion row; exact inclusion requires code verification)",,Oil field,"Unbalanced oil-field-by-calendar-year panel, 2006-2016; 314 fields; published N=2418",panel,recorded_source_fields
22,S22-P087,REXER-T7-C2,active_comparison,Main-text Table 7 column 2,Royalty revenue (millions of 2016 US dollars),,Local participation (DI+NNPC): binary indicator equal to one from the earliest observed year of indigenous Nigerian ownership or operatorship onward; explicitly recoded as absorbing,Oil-field fixed effects,Calendar-year fixed effects,"Time-invariant field latitude and distances to the coast, Niger River, and state capital, each interacted with calendar-year indicators (the Table 7 note defines these controls but does not display an inclusion row; exact inclusion requires code verification)",,Oil field,"Unbalanced oil-field-by-calendar-year panel, 2006-2016; 314 fields; published N=2418",panel,recorded_source_fields
22,S22-P088,REXER-T7-C3,active_comparison,Main-text Table 7 column 3,Government revenue: NNPC plus royalty revenue (millions of 2016 US dollars),,Local participation (DI+NNPC): binary indicator equal to one from the earliest observed year of indigenous Nigerian ownership or operatorship onward; explicitly recoded as absorbing,Oil-field fixed effects,Calendar-year fixed effects,"Time-invariant field latitude and distances to the coast, Niger River, and state capital, each interacted with calendar-year indicators (the Table 7 note defines these controls but does not display an inclusion row; exact inclusion requires code verification)",,Oil field,"Unbalanced oil-field-by-calendar-year panel, 2006-2016; 314 fields; published N=2418",panel,recorded_source_fields
22,S22-P089,REXER-T7-C4,active_comparison,Main-text Table 7 column 4,Operator revenue (millions of 2016 US dollars),,Local participation (DI+NNPC): binary indicator equal to one from the earliest observed year of indigenous Nigerian ownership or operatorship onward; explicitly recoded as absorbing,Oil-field fixed effects,Calendar-year fixed effects,"Time-invariant field latitude and distances to the coast, Niger River, and state capital, each interacted with calendar-year indicators (the Table 7 note defines these controls but does not display an inclusion row; exact inclusion requires code verification)",,Oil field,"Unbalanced oil-field-by-calendar-year panel, 2006-2016; 314 fields; published N=2418",panel,recorded_source_fields
22,S22-P090,REXER-T7-C5,active_comparison,Main-text Table 7 column 5,Total oil-field revenue (millions of 2016 US dollars),,Local participation (DI+NNPC): binary indicator equal to one from the earliest observed year of indigenous Nigerian ownership or operatorship onward; explicitly recoded as absorbing,Oil-field fixed effects,Calendar-year fixed effects,"Time-invariant field latitude and distances to the coast, Niger River, and state capital, each interacted with calendar-year indicators (the Table 7 note defines these controls but does not display an inclusion row; exact inclusion requires code verification)",,Oil field,"Unbalanced oil-field-by-calendar-year panel, 2006-2016; 314 fields; published N=2418",panel,recorded_source_fields
1,S01-A001,CI-F5-A01-STD,auxiliary_only,,,,,,,,,,,,not_recorded_in_exported_source_metadata
1,S01-A002,CI-F5-A02-STD,auxiliary_only,,,,,,,,,,,,not_recorded_in_exported_source_metadata
1,S01-A003,CI-F5-A03-STD,auxiliary_only,,,,,,,,,,,,not_recorded_in_exported_source_metadata
1,S01-A004,CI-F5-A04-STD,auxiliary_only,,,,,,,,,,,,not_recorded_in_exported_source_metadata
1,S01-A005,CI-F5-A05-STD,auxiliary_only,,,,,,,,,,,,not_recorded_in_exported_source_metadata
1,S01-A006,CI-F5-A06-STD,auxiliary_only,,,,,,,,,,,,not_recorded_in_exported_source_metadata
1,S01-A007,CI-F5-A07-STD,auxiliary_only,,,,,,,,,,,,not_recorded_in_exported_source_metadata
1,S01-A008,CI-F5-B01-STD,auxiliary_only,,,,,,,,,,,,not_recorded_in_exported_source_metadata
1,S01-A009,CI-F5-B02-STD,auxiliary_only,,,,,,,,,,,,not_recorded_in_exported_source_metadata
1,S01-A010,CI-F5-B03-STD,auxiliary_only,,,,,,,,,,,,not_recorded_in_exported_source_metadata
1,S01-A011,CI-F5-B04-STD,auxiliary_only,,,,,,,,,,,,not_recorded_in_exported_source_metadata
1,S01-A012,CI-F5-B05-STD,auxiliary_only,,,,,,,,,,,,not_recorded_in_exported_source_metadata
1,S01-A013,CI-F5-B06-STD,auxiliary_only,,,,,,,,,,,,not_recorded_in_exported_source_metadata
1,S01-A014,CI-F5-B07-STD,auxiliary_only,,,,,,,,,,,,not_recorded_in_exported_source_metadata
1,S01-A015,CI-F5-B08-STD,auxiliary_only,,,,,,,,,,,,not_recorded_in_exported_source_metadata
1,S01-A016,CI-F5-B09-STD,auxiliary_only,,,,,,,,,,,,not_recorded_in_exported_source_metadata
1,S01-A017,CI-F5-B10-STD,auxiliary_only,,,,,,,,,,,,not_recorded_in_exported_source_metadata
1,S01-A018,CI-F5-B11-STD,auxiliary_only,,,,,,,,,,,,not_recorded_in_exported_source_metadata
1,S01-A019,CI-F5-C01-STD,auxiliary_only,,,,,,,,,,,,not_recorded_in_exported_source_metadata
1,S01-A020,CI-F5-C02-STD,auxiliary_only,,,,,,,,,,,,not_recorded_in_exported_source_metadata
1,S01-A021,CI-F5-C03-STD,auxiliary_only,,,,,,,,,,,,not_recorded_in_exported_source_metadata
1,S01-A022,CI-F5-D01-STD,auxiliary_only,,,,,,,,,,,,not_recorded_in_exported_source_metadata
1,S01-A023,CI-F5-D02-STD,auxiliary_only,,,,,,,,,,,,not_recorded_in_exported_source_metadata
1,S01-A024,CI-F5-D03-STD,auxiliary_only,,,,,,,,,,,,not_recorded_in_exported_source_metadata
1,S01-A025,CI-F5-D04-STD,auxiliary_only,,,,,,,,,,,,not_recorded_in_exported_source_metadata
1,S01-A026,CI-F5-D05-STD,auxiliary_only,,,,,,,,,,,,not_recorded_in_exported_source_metadata
1,S01-A027,CI-F5-D06-STD,auxiliary_only,,,,,,,,,,,,not_recorded_in_exported_source_metadata
1,S01-A028,CI-F5-E01-STD,auxiliary_only,,,,,,,,,,,,not_recorded_in_exported_source_metadata
1,S01-A029,CI-F5-F01-STD,auxiliary_only,,,,,,,,,,,,not_recorded_in_exported_source_metadata
1,S01-A030,CI-F5-G01-STD,auxiliary_only,,,,,,,,,,,,not_recorded_in_exported_source_metadata
1,S01-A031,CI-F5-G02-STD,auxiliary_only,,,,,,,,,,,,not_recorded_in_exported_source_metadata
1,S01-A032,CI-F5-G03-STD,auxiliary_only,,,,,,,,,,,,not_recorded_in_exported_source_metadata
1,S01-A033,CI-F5-G04-STD,auxiliary_only,,,,,,,,,,,,not_recorded_in_exported_source_metadata
1,S01-A034,CI-F5-G05-STD,auxiliary_only,,,,,,,,,,,,not_recorded_in_exported_source_metadata
1,S01-A035,CI-F5-H01-STD,auxiliary_only,,,,,,,,,,,,not_recorded_in_exported_source_metadata
1,S01-A036,CI-F5-I01-STD,auxiliary_only,,,,,,,,,,,,not_recorded_in_exported_source_metadata
1,S01-A037,CI-F5-I02-STD,auxiliary_only,,,,,,,,,,,,not_recorded_in_exported_source_metadata
1,S01-A038,CI-F5-I03-STD,auxiliary_only,,,,,,,,,,,,not_recorded_in_exported_source_metadata
1,S01-A039,CI-F5-I04-STD,auxiliary_only,,,,,,,,,,,,not_recorded_in_exported_source_metadata
1,S01-A040,CI-F5-J01-STD,auxiliary_only,,,,,,,,,,,,not_recorded_in_exported_source_metadata
1,S01-A041,CI-F5-J02-STD,auxiliary_only,,,,,,,,,,,,not_recorded_in_exported_source_metadata
1,S01-A042,CI-F5-J03-STD,auxiliary_only,,,,,,,,,,,,not_recorded_in_exported_source_metadata
1,S01-A043,CI-F5-J04-STD,auxiliary_only,,,,,,,,,,,,not_recorded_in_exported_source_metadata
1,S01-A044,CI-F5-J05-STD,auxiliary_only,,,,,,,,,,,,not_recorded_in_exported_source_metadata
1,S01-A045,CI-F5-K01-STD,auxiliary_only,,,,,,,,,,,,not_recorded_in_exported_source_metadata
1,S01-A046,CI-F5-K02-STD,auxiliary_only,,,,,,,,,,,,not_recorded_in_exported_source_metadata
1,S01-A047,CI-F5-K03-STD,auxiliary_only,,,,,,,,,,,,not_recorded_in_exported_source_metadata
1,S01-A048,CI-F5-L01-STD,auxiliary_only,,,,,,,,,,,,not_recorded_in_exported_source_metadata
