study_id,title,short_title,compact_authors,journal,publication_year,short_citation,source_url
1,Curriculum and Ideology,Curriculum and Ideology,Cantoni et al.,JPE,2017,"Cantoni et al. (JPE, 2017)",https://doi.org/10.1086/690951
2,Do Powerful Politicians Really Cause Corporate Downsizing?,Corporate Downsizing,Snyder and Welch,JPE,2017,"Snyder and Welch (JPE, 2017)",https://doi.org/10.1086/694204
3,Reply: Do Powerful Politicians Really Cause Corporate Downsizing?,Corporate Downsizing Reply,Cohen et al.,JPE,2017,"Cohen et al. (JPE, 2017)",https://doi.org/10.1086/694203
4,"Market Integration, Demand, and the Growth of Firms: Evidence from a Natural Experiment in India",Market Integration,Jensen and Miller,AER,2018,"Jensen and Miller (AER, 2018)",https://doi.org/10.1257/aer.20161965
5,Do Government Audits Reduce Corruption? Estimating the Impacts of Exposing Corrupt Politicians,Government Audits,Avis et al.,JPE,2018,"Avis et al. (JPE, 2018)",https://doi.org/10.1086/699209
6,Railroads of the Raj: Estimating the Impact of Transportation Infrastructure,Railroads of the Raj,Donaldson,AER,2018,"Donaldson (AER, 2018)",https://doi.org/10.1257/aer.20101199
7,The Arrival of Fast Internet and Employment in Africa,Fast Internet,Hjort and Poulsen,AER,2019,"Hjort and Poulsen (AER, 2019)",https://doi.org/10.1257/aer.20161385
8,Copyrights and Creativity: Evidence from Italian Opera in the Napoleonic Age,Italian Opera,Giorcelli and Moser,JPE,2020,"Giorcelli and Moser (JPE, 2020)",https://doi.org/10.1086/710534
9,"Vertical Integration, Supplier Behavior, and Quality Upgrading among Exporters",Vertical Integration,Hansman et al.,JPE,2020,"Hansman et al. (JPE, 2020)",https://doi.org/10.1086/708818
10,Leadership in Social Movements: Evidence from the “Forty-Eighters” in the Civil War,Forty-Eighters,Dippel and Heblich,AER,2021,"Dippel and Heblich (AER, 2021)",https://doi.org/10.1257/aer.20191137
11,Hall of Mirrors: Corporate Philanthropy and Strategic Advocacy,Hall of Mirrors,Bertrand et al.,QJE,2021,"Bertrand et al. (QJE, 2021)",https://doi.org/10.1093/qje/qjab023
12,"Strict ID Laws Don't Stop Voters: Evidence from a U.S. Nationwide Panel, 2008–2018",Voter ID,Cantoni and Pons,QJE,2021,"Cantoni and Pons (QJE, 2021)",https://doi.org/10.1093/qje/qjab019
13,The Rise and Fall of Local Elections in China,China Elections,Martinez-Bravo et al.,AER,2022,"Martinez-Bravo et al. (AER, 2022)",https://doi.org/10.1257/aer.20181249
14,Corruption and Firms,Corruption and Firms,Colonnelli and Prem,RESTUD,2022,"Colonnelli and Prem (RESTUD, 2022)",https://doi.org/10.1093/restud/rdab040
15,Ideology and Performance in Public Organizations,Ideology and Performance,Spenkuch et al.,ECMA,2023,"Spenkuch et al. (ECMA, 2023)",https://doi.org/10.3982/ECTA20355
16,Reconciliation Narratives: The Birth of a Nation after the US Civil War,Reconciliation Narratives,Esposito et al.,AER,2023,"Esposito et al. (AER, 2023)",https://doi.org/10.1257/aer.20210413
17,Retail Pharmacies and Drug Diversion during the Opioid Epidemic,Retail Pharmacies,Janssen and Zhang,AER,2023,"Janssen and Zhang (AER, 2023)",https://doi.org/10.1257/aer.20210357
18,"The Gift of a Lifetime: The Hospital, Modern Medicine, and Mortality",Gift of a Lifetime,Hollingsworth et al.,AER,2024,"Hollingsworth et al. (AER, 2024)",https://doi.org/10.1257/aer.20230008
19,Trading Nontradables: The Implications of Europe’s Job-Posting Policy,Trading Nontradables,Muñoz,QJE,2024,"Muñoz (QJE, 2024)",https://doi.org/10.1093/qje/qjad032
20,The Rise of Fiscal Capacity: Administration and State Consolidation in the Holy Roman Empire,Fiscal Capacity,Cantoni et al.,ECMA,2024,"Cantoni et al. (ECMA, 2024)",https://doi.org/10.3982/ECTA20612
21,The Real State: Inside the Congo’s Traffic Police Agency,Congo Traffic Police,Sánchez de la Sierra et al.,AER,2024,"Sánchez de la Sierra et al. (AER, 2024)",https://doi.org/10.1257/aer.20220908
22,"Credit Markets, Property Rights, and the Commons",Credit Markets,Noack and Costello,JPE,2024,"Noack and Costello (JPE, 2024)",https://doi.org/10.1086/729065
23,Landmines and Spatial Development,Landmines,Chiovelli et al.,ECMA,2025,"Chiovelli et al. (ECMA, 2025)",https://doi.org/10.3982/ECTA17951
24,Corruption as a Local Advantage: Evidence from the Indigenization of Nigerian Oil,Nigerian Oil,Rexer,AER,2025,"Rexer (AER, 2025)",https://doi.org/10.1257/aer.20220528
